#pragma once

// Auto-generated by scripts/gen_wings_assets.py - Demon Wings edition
// Articulated 3D bat/demon wings: black frame #000000, red glowing membrane
// Gradient #FF0000/#E60000 -> #800000 with crimson glow aura
#include <cstddef>

namespace wings_default {

inline constexpr const char* GeometryIdentifier = "geometry.wings";

inline constexpr const char* GeometryJson = R"json({
  "format_version": "1.12.0",
  "minecraft:geometry": [
    {
      "description": {
        "identifier": "geometry.wings",
        "texture_width": 64,
        "texture_height": 64,
        "visible_bounds_width": 4,
        "visible_bounds_height": 3.5,
        "visible_bounds_offset": [0, 1.25, 0]
      },
      "bones": [
        { "name": "root", "pivot": [0, 0, 0] },
        { "name": "waist", "parent": "root", "pivot": [0, 12, 0] },
        {
          "name": "body",
          "parent": "waist",
          "pivot": [0, 24, 0],
          "cubes": [ { "origin": [-4, 12, -2], "size": [8, 12, 4], "uv": [16, 16] } ]
        },
        {
          "name": "head",
          "parent": "body",
          "pivot": [0, 24, 0],
          "cubes": [ { "origin": [-4, 24, -4], "size": [8, 8, 8], "uv": [0, 0] } ]
        },
        {
          "name": "rightArm",
          "parent": "body",
          "pivot": [5, 22, 0],
          "cubes": [ { "origin": [-9, 12, -2], "size": [4, 12, 4], "uv": [40, 16] } ]
        },
        {
          "name": "leftArm",
          "parent": "body",
          "pivot": [-5, 22, 0],
          "cubes": [ { "origin": [5, 12, -2], "size": [4, 12, 4], "uv": [32, 48] } ]
        },
        {
          "name": "rightLeg",
          "parent": "waist",
          "pivot": [1.9, 12, 0],
          "cubes": [ { "origin": [-3.9, 0, -2], "size": [4, 12, 4], "uv": [0, 16] } ]
        },
        {
          "name": "leftLeg",
          "parent": "waist",
          "pivot": [-1.9, 12, 0],
          "cubes": [ { "origin": [-0.1, 0, -2], "size": [4, 12, 4], "uv": [16, 48] } ]
        },
        { "name": "bone_wings", "parent": "body", "pivot": [0, 24, 0] },
        {
          "name": "bone_wing_right",
          "parent": "bone_wings",
          "pivot": [-3, 21, 2.5],
          "rotation": [0.0, 0.0, 0.0],
          "cubes": [ { "origin": [-4.5, 19.5, 2.5], "size": [3, 3, 2], "uv": [0, 32] } ]
        },
        {
          "name": "bone_wing_right_upper",
          "parent": "bone_wing_right",
          "pivot": [-5, 21, 3.5],
          "rotation": [0.0, 0.0, 0.0],
          "cubes": [ { "origin": [-11, 19.5, 3], "size": [6, 3, 1], "uv": [10, 32] } ]
        },
        {
          "name": "bone_wing_right_feather_1",
          "parent": "bone_wing_right_upper",
          "pivot": [-7, 19.5, 3.5],
          "rotation": [0.0, 0.0, 0.0],
          "cubes": [ { "origin": [-8, 13.5, 3], "size": [2, 6, 1], "uv": [0, 38] } ]
        },
        {
          "name": "bone_wing_right_feather_2",
          "parent": "bone_wing_right_upper",
          "pivot": [-9.5, 19.5, 3.5],
          "rotation": [0.0, 0.0, 0.0],
          "cubes": [ { "origin": [-10.5, 13.5, 3], "size": [2, 6, 1], "uv": [6, 38] } ]
        },
        {
          "name": "bone_wing_right_tip",
          "parent": "bone_wing_right_upper",
          "pivot": [-11, 21, 3.5],
          "rotation": [0.0, 0.0, 0.0],
          "cubes": [ { "origin": [-16, 20, 3], "size": [5, 2, 1], "uv": [24, 32] } ]
        },
        {
          "name": "bone_wing_right_feather_3",
          "parent": "bone_wing_right_tip",
          "pivot": [-12.5, 20, 3.5],
          "rotation": [0.0, 0.0, 0.0],
          "cubes": [ { "origin": [-13.5, 14, 3], "size": [2, 6, 1], "uv": [12, 38] } ]
        },
        {
          "name": "bone_wing_right_feather_4",
          "parent": "bone_wing_right_tip",
          "pivot": [-15, 20, 3.5],
          "rotation": [0.0, 0.0, 0.0],
          "cubes": [ { "origin": [-16, 15, 3], "size": [2, 5, 1], "uv": [18, 38] } ]
        },
        {
          "name": "bone_wing_left",
          "parent": "bone_wings",
          "pivot": [3, 21, 2.5],
          "rotation": [0.0, 0.0, 0.0],
          "mirror": true,
          "cubes": [ { "origin": [1.5, 19.5, 2.5], "size": [3, 3, 2], "uv": [0, 32] } ]
        },
        {
          "name": "bone_wing_left_upper",
          "parent": "bone_wing_left",
          "pivot": [5, 21, 3.5],
          "rotation": [0.0, 0.0, 0.0],
          "mirror": true,
          "cubes": [ { "origin": [5, 19.5, 3], "size": [6, 3, 1], "uv": [10, 32] } ]
        },
        {
          "name": "bone_wing_left_feather_1",
          "parent": "bone_wing_left_upper",
          "pivot": [7, 19.5, 3.5],
          "rotation": [0.0, 0.0, 0.0],
          "mirror": true,
          "cubes": [ { "origin": [6, 13.5, 3], "size": [2, 6, 1], "uv": [0, 38] } ]
        },
        {
          "name": "bone_wing_left_feather_2",
          "parent": "bone_wing_left_upper",
          "pivot": [9.5, 19.5, 3.5],
          "rotation": [0.0, 0.0, 0.0],
          "mirror": true,
          "cubes": [ { "origin": [8.5, 13.5, 3], "size": [2, 6, 1], "uv": [6, 38] } ]
        },
        {
          "name": "bone_wing_left_tip",
          "parent": "bone_wing_left_upper",
          "pivot": [11, 21, 3.5],
          "rotation": [0.0, 0.0, 0.0],
          "mirror": true,
          "cubes": [ { "origin": [11, 20, 3], "size": [5, 2, 1], "uv": [24, 32] } ]
        },
        {
          "name": "bone_wing_left_feather_3",
          "parent": "bone_wing_left_tip",
          "pivot": [12.5, 20, 3.5],
          "rotation": [0.0, 0.0, 0.0],
          "mirror": true,
          "cubes": [ { "origin": [11.5, 14, 3], "size": [2, 6, 1], "uv": [12, 38] } ]
        },
        {
          "name": "bone_wing_left_feather_4",
          "parent": "bone_wing_left_tip",
          "pivot": [15, 20, 3.5],
          "rotation": [0.0, 0.0, 0.0],
          "mirror": true,
          "cubes": [ { "origin": [14, 15, 3], "size": [2, 5, 1], "uv": [18, 38] } ]
        }
      ]
    }
  ]
})json";

inline constexpr const char* AnimationJson = R"json({
  "format_version": "1.8.0",
  "animations": {
    "animation.wings.idle": {
      "loop": true,
      "animation_length": 4.0,
      "bones": {
        "bone_wings": {
          "rotation": ["1.5 * math.sin(query.anim_time * 90)", 0, 0]
        },
        "bone_wing_right": {
          "rotation": [0, 0, "-(20 + 6 * math.sin(query.anim_time * 90))"]
        },
        "bone_wing_left": {
          "rotation": [0, 0, "20 + 6 * math.sin(query.anim_time * 90)"]
        },
        "bone_wing_right_upper": {
          "rotation": [0, 0, "-(6 + 4 * math.sin(query.anim_time * 90 - 45))"]
        },
        "bone_wing_left_upper": {
          "rotation": [0, 0, "6 + 4 * math.sin(query.anim_time * 90 - 45)"]
        },
        "bone_wing_right_tip": {
          "rotation": [0, 0, "-(8 + 3 * math.sin(query.anim_time * 90 - 90))"]
        },
        "bone_wing_left_tip": {
          "rotation": [0, 0, "8 + 3 * math.sin(query.anim_time * 90 - 90)"]
        },
        "bone_wing_right_feather_1": { "rotation": [0, 0, "-(2.5 * math.sin(query.anim_time * 90 - 120))"] },
        "bone_wing_right_feather_2": { "rotation": [0, 0, "-(2.5 * math.sin(query.anim_time * 90 - 135))"] },
        "bone_wing_right_feather_3": { "rotation": [0, 0, "-(2.5 * math.sin(query.anim_time * 90 - 150))"] },
        "bone_wing_right_feather_4": { "rotation": [0, 0, "-(2.5 * math.sin(query.anim_time * 90 - 165))"] },
        "bone_wing_left_feather_1": { "rotation": [0, 0, "2.5 * math.sin(query.anim_time * 90 - 120)"] },
        "bone_wing_left_feather_2": { "rotation": [0, 0, "2.5 * math.sin(query.anim_time * 90 - 135)"] },
        "bone_wing_left_feather_3": { "rotation": [0, 0, "2.5 * math.sin(query.anim_time * 90 - 150)"] },
        "bone_wing_left_feather_4": { "rotation": [0, 0, "2.5 * math.sin(query.anim_time * 90 - 165)"] }
      }
    },
    "animation.wings.flap": {
      "loop": true,
      "animation_length": 1.0,
      "bones": {
        "bone_wings": {
          "rotation": ["4 * math.sin(query.anim_time * 360 - 30)", 0, 0]
        },
        "bone_wing_right": {
          "rotation": ["6 * math.sin(query.anim_time * 360 - 20)", 0, "-(25 + 35 * math.sin(query.anim_time * 360))"]
        },
        "bone_wing_left": {
          "rotation": ["6 * math.sin(query.anim_time * 360 - 20)", 0, "25 + 35 * math.sin(query.anim_time * 360)"]
        },
        "bone_wing_right_upper": {
          "rotation": [0, 0, "-(14 * math.sin(query.anim_time * 360 - 50))"]
        },
        "bone_wing_left_upper": {
          "rotation": [0, 0, "14 * math.sin(query.anim_time * 360 - 50)"]
        },
        "bone_wing_right_tip": {
          "rotation": [0, 0, "-(18 * math.sin(query.anim_time * 360 - 105))"]
        },
        "bone_wing_left_tip": {
          "rotation": [0, 0, "18 * math.sin(query.anim_time * 360 - 105)"]
        },
        "bone_wing_right_feather_1": { "rotation": [0, 0, "-(10 * math.sin(query.anim_time * 360 - 140))"] },
        "bone_wing_right_feather_2": { "rotation": [0, 0, "-(10 * math.sin(query.anim_time * 360 - 160))"] },
        "bone_wing_right_feather_3": { "rotation": [0, 0, "-(10 * math.sin(query.anim_time * 360 - 180))"] },
        "bone_wing_right_feather_4": { "rotation": [0, 0, "-(10 * math.sin(query.anim_time * 360 - 200))"] },
        "bone_wing_left_feather_1": { "rotation": [0, 0, "10 * math.sin(query.anim_time * 360 - 140)"] },
        "bone_wing_left_feather_2": { "rotation": [0, 0, "10 * math.sin(query.anim_time * 360 - 160)"] },
        "bone_wing_left_feather_3": { "rotation": [0, 0, "10 * math.sin(query.anim_time * 360 - 180)"] },
        "bone_wing_left_feather_4": { "rotation": [0, 0, "10 * math.sin(query.anim_time * 360 - 200)"] }
      }
    },
    "animation.wings.glide": {
      "loop": true,
      "animation_length": 3.0,
      "bones": {
        "bone_wings": {
          "rotation": ["2 * math.sin(query.anim_time * 120)", 0, 0]
        },
        "bone_wing_right": {
          "rotation": ["3 * math.sin(query.anim_time * 120)", 0, "-(50 + 3 * math.sin(query.anim_time * 120))"]
        },
        "bone_wing_left": {
          "rotation": ["3 * math.sin(query.anim_time * 120)", 0, "50 + 3 * math.sin(query.anim_time * 120)"]
        },
        "bone_wing_right_upper": {
          "rotation": [0, 0, "15 - 3 * math.sin(query.anim_time * 120 - 30)"]
        },
        "bone_wing_left_upper": {
          "rotation": [0, 0, "-(15 - 3 * math.sin(query.anim_time * 120 - 30))"]
        },
        "bone_wing_right_tip": {
          "rotation": [0, 0, "15 - 2 * math.sin(query.anim_time * 120 - 60)"]
        },
        "bone_wing_left_tip": {
          "rotation": [0, 0, "-(15 - 2 * math.sin(query.anim_time * 120 - 60))"]
        },
        "bone_wing_right_feather_1": { "rotation": [0, 0, "-(4 + 2 * math.sin(query.anim_time * 120 - 90))"] },
        "bone_wing_right_feather_2": { "rotation": [0, 0, "-(4 + 2 * math.sin(query.anim_time * 120 - 105))"] },
        "bone_wing_right_feather_3": { "rotation": [0, 0, "-(4 + 2 * math.sin(query.anim_time * 120 - 120))"] },
        "bone_wing_right_feather_4": { "rotation": [0, 0, "-(4 + 2 * math.sin(query.anim_time * 120 - 135))"] },
        "bone_wing_left_feather_1": { "rotation": [0, 0, "4 + 2 * math.sin(query.anim_time * 120 - 90)"] },
        "bone_wing_left_feather_2": { "rotation": [0, 0, "4 + 2 * math.sin(query.anim_time * 120 - 105)"] },
        "bone_wing_left_feather_3": { "rotation": [0, 0, "4 + 2 * math.sin(query.anim_time * 120 - 120)"] },
        "bone_wing_left_feather_4": { "rotation": [0, 0, "4 + 2 * math.sin(query.anim_time * 120 - 135)"] }
      }
    }
  }
})json";

inline constexpr const char* AnimationControllerJson = R"json({
  "format_version": "1.10.0",
  "animation_controllers": {
    "controller.animation.wings": {
      "initial_state": "idle",
      "states": {
        "idle": {
          "animations": ["wings.idle"],
          "transitions": [
            { "glide": "query.is_gliding" },
            { "fly": "query.modified_move_speed > 0.18 || query.vertical_speed < -0.2" }
          ]
        },
        "fly": {
          "animations": ["wings.flap"],
          "transitions": [
            { "glide": "query.is_gliding" },
            { "idle": "query.modified_move_speed <= 0.18 && query.is_on_ground" }
          ]
        },
        "glide": {
          "animations": ["wings.glide"],
          "transitions": [
            { "fly": "!query.is_gliding && query.modified_move_speed > 0.18" },
            { "idle": "!query.is_gliding && query.is_on_ground" }
          ]
        }
      }
    }
  }
})json";

// Demon Wings palette - black bones, red glowing membrane
// Matches wings.png 64x64 with black frame and red gradient
inline constexpr unsigned char kColorFrame[3] = { 0, 0, 0 };
inline constexpr unsigned char kColorMembraneOuter[3] = { 230, 0, 0 };
inline constexpr unsigned char kColorMembraneInner[3] = { 128, 0, 0 };
inline constexpr unsigned char kColorFeatherTip[3] = { 255, 0, 0 };
inline constexpr unsigned char kColorJointInner[3] = { 0, 0, 0 };

inline constexpr std::size_t TextureWidth = 64;
inline constexpr std::size_t TextureHeight = 64;

inline constexpr unsigned char TexturePixels[] = {
  0x00, 0x00, 0x00, 0x00, 0x00, 0x00, 0x00, 0x00, 0x00, 0x00, 0x00, 0x00, 0x00, 0x00, 0x00, 0x00,
  0x00, 0x00, 0x00, 0x00, 0x00, 0x00, 0x00, 0x00, 0x00, 0x00, 0x00, 0x00, 0x00, 0x00, 0x00, 0x00,
  0x5e, 0x3e, 0x24, 0xff, 0x5e, 0x3e, 0x24, 0xff, 0x5e, 0x3e, 0x24, 0xff, 0x5e, 0x3e, 0x24, 0xff,
  0x5e, 0x3e, 0x24, 0xff, 0x5e, 0x3e, 0x24, 0xff, 0x5e, 0x3e, 0x24, 0xff, 0x5e, 0x3e, 0x24, 0xff,
  0x5e, 0x3e, 0x24, 0xff, 0x5e, 0x3e, 0x24, 0xff, 0x5e, 0x3e, 0x24, 0xff, 0x5e, 0x3e, 0x24, 0xff,
  0x5e, 0x3e, 0x24, 0xff, 0x5e, 0x3e, 0x24, 0xff, 0x5e, 0x3e, 0x24, 0xff, 0x5e, 0x3e, 0x24, 0xff,
  0x00, 0x00, 0x00, 0x00, 0x00, 0x00, 0x00, 0x00, 0x00, 0x00, 0x00, 0x00, 0x00, 0x00, 0x00, 0x00,
  0x00, 0x00, 0x00, 0x00, 0x00, 0x00, 0x00, 0x00, 0x00, 0x00, 0x00, 0x00, 0x00, 0x00, 0x00, 0x00,
  0x00, 0x00, 0x00, 0x00, 0x00, 0x00, 0x00, 0x00, 0x00, 0x00, 0x00, 0x00, 0x00, 0x00, 0x00, 0x00,
  0x00, 0x00, 0x00, 0x00, 0x00, 0x00, 0x00, 0x00, 0x00, 0x00, 0x00, 0x00, 0x00, 0x00, 0x00, 0x00,
  0x00, 0x00, 0x00, 0x00, 0x00, 0x00, 0x00, 0x00, 0x00, 0x00, 0x00, 0x00, 0x00, 0x00, 0x00, 0x00,
  0x00, 0x00, 0x00, 0x00, 0x00, 0x00, 0x00, 0x00, 0x00, 0x00, 0x00, 0x00, 0x00, 0x00, 0x00, 0x00,
  0x00, 0x00, 0x00, 0x00, 0x00, 0x00, 0x00, 0x00, 0x00, 0x00, 0x00, 0x00, 0x00, 0x00, 0x00, 0x00,
  0x00, 0x00, 0x00, 0x00, 0x00, 0x00, 0x00, 0x00, 0x00, 0x00, 0x00, 0x00, 0x00, 0x00, 0x00, 0x00,
  0x00, 0x00, 0x00, 0x00, 0x00, 0x00, 0x00, 0x00, 0x00, 0x00, 0x00, 0x00, 0x00, 0x00, 0x00, 0x00,
  0x00, 0x00, 0x00, 0x00, 0x00, 0x00, 0x00, 0x00, 0x00, 0x00, 0x00, 0x00, 0x00, 0x00, 0x00, 0x00,
  0x00, 0x00, 0x00, 0x00, 0x00, 0x00, 0x00, 0x00, 0x00, 0x00, 0x00, 0x00, 0x00, 0x00, 0x00, 0x00,
  0x00, 0x00, 0x00, 0x00, 0x00, 0x00, 0x00, 0x00, 0x00, 0x00, 0x00, 0x00, 0x00, 0x00, 0x00, 0x00,
  0x5e, 0x3e, 0x24, 0xff, 0x5e, 0x3e, 0x24, 0xff, 0x5e, 0x3e, 0x24, 0xff, 0x5e, 0x3e, 0x24, 0xff,
  0x5e, 0x3e, 0x24, 0xff, 0x5e, 0x3e, 0x24, 0xff, 0x5e, 0x3e, 0x24, 0xff, 0x5e, 0x3e, 0x24, 0xff,
  0x5e, 0x3e, 0x24, 0xff, 0x5e, 0x3e, 0x24, 0xff, 0x5e, 0x3e, 0x24, 0xff, 0x5e, 0x3e, 0x24, 0xff,
  0x5e, 0x3e, 0x24, 0xff, 0x5e, 0x3e, 0x24, 0xff, 0x5e, 0x3e, 0x24, 0xff, 0x5e, 0x3e, 0x24, 0xff,
  0x00, 0x00, 0x00, 0x00, 0x00, 0x00, 0x00, 0x00, 0x00, 0x00, 0x00, 0x00, 0x00, 0x00, 0x00, 0x00,
  0x00, 0x00, 0x00, 0x00, 0x00, 0x00, 0x00, 0x00, 0x00, 0x00, 0x00, 0x00, 0x00, 0x00, 0x00, 0x00,
  0x00, 0x00, 0x00, 0x00, 0x00, 0x00, 0x00, 0x00, 0x00, 0x00, 0x00, 0x00, 0x00, 0x00, 0x00, 0x00,
  0x00, 0x00, 0x00, 0x00, 0x00, 0x00, 0x00, 0x00, 0x00, 0x00, 0x00, 0x00, 0x00, 0x00, 0x00, 0x00,
  0x00, 0x00, 0x00, 0x00, 0x00, 0x00, 0x00, 0x00, 0x00, 0x00, 0x00, 0x00, 0x00, 0x00, 0x00, 0x00,
  0x00, 0x00, 0x00, 0x00, 0x00, 0x00, 0x00, 0x00, 0x00, 0x00, 0x00, 0x00, 0x00, 0x00, 0x00, 0x00,
  0x00, 0x00, 0x00, 0x00, 0x00, 0x00, 0x00, 0x00, 0x00, 0x00, 0x00, 0x00, 0x00, 0x00, 0x00, 0x00,
  0x00, 0x00, 0x00, 0x00, 0x00, 0x00, 0x00, 0x00, 0x00, 0x00, 0x00, 0x00, 0x00, 0x00, 0x00, 0x00,
  0x00, 0x00, 0x00, 0x00, 0x00, 0x00, 0x00, 0x00, 0x00, 0x00, 0x00, 0x00, 0x00, 0x00, 0x00, 0x00,
  0x00, 0x00, 0x00, 0x00, 0x00, 0x00, 0x00, 0x00, 0x00, 0x00, 0x00, 0x00, 0x00, 0x00, 0x00, 0x00,
  0x00, 0x00, 0x00, 0x00, 0x00, 0x00, 0x00, 0x00, 0x00, 0x00, 0x00, 0x00, 0x00, 0x00, 0x00, 0x00,
  0x00, 0x00, 0x00, 0x00, 0x00, 0x00, 0x00, 0x00, 0x00, 0x00, 0x00, 0x00, 0x00, 0x00, 0x00, 0x00,
  0x5e, 0x3e, 0x24, 0xff, 0x5e, 0x3e, 0x24, 0xff, 0x5e, 0x3e, 0x24, 0xff, 0x5e, 0x3e, 0x24, 0xff,
  0x5e, 0x3e, 0x24, 0xff, 0x5e, 0x3e, 0x24, 0xff, 0x5e, 0x3e, 0x24, 0xff, 0x5e, 0x3e, 0x24, 0xff,
  0x5e, 0x3e, 0x24, 0xff, 0x5e, 0x3e, 0x24, 0xff, 0x5e, 0x3e, 0x24, 0xff, 0x5e, 0x3e, 0x24, 0xff,
  0x5e, 0x3e, 0x24, 0xff, 0x5e, 0x3e, 0x24, 0xff, 0x5e, 0x3e, 0x24, 0xff, 0x5e, 0x3e, 0x24, 0xff,
  0x00, 0x00, 0x00, 0x00, 0x00, 0x00, 0x00, 0x00, 0x00, 0x00, 0x00, 0x00, 0x00, 0x00, 0x00, 0x00,
  0x00, 0x00, 0x00, 0x00, 0x00, 0x00, 0x00, 0x00, 0x00, 0x00, 0x00, 0x00, 0x00, 0x00, 0x00, 0x00,
  0x00, 0x00, 0x00, 0x00, 0x00, 0x00, 0x00, 0x00, 0x00, 0x00, 0x00, 0x00, 0x00, 0x00, 0x00, 0x00,
  0x00, 0x00, 0x00, 0x00, 0x00, 0x00, 0x00, 0x00, 0x00, 0x00, 0x00, 0x00, 0x00, 0x00, 0x00, 0x00,
  0x00, 0x00, 0x00, 0x00, 0x00, 0x00, 0x00, 0x00, 0x00, 0x00, 0x00, 0x00, 0x00, 0x00, 0x00, 0x00,
  0x00, 0x00, 0x00, 0x00, 0x00, 0x00, 0x00, 0x00, 0x00, 0x00, 0x00, 0x00, 0x00, 0x00, 0x00, 0x00,
  0x00, 0x00, 0x00, 0x00, 0x00, 0x00, 0x00, 0x00, 0x00, 0x00, 0x00, 0x00, 0x00, 0x00, 0x00, 0x00,
  0x00, 0x00, 0x00, 0x00, 0x00, 0x00, 0x00, 0x00, 0x00, 0x00, 0x00, 0x00, 0x00, 0x00, 0x00, 0x00,
  0x00, 0x00, 0x00, 0x00, 0x00, 0x00, 0x00, 0x00, 0x00, 0x00, 0x00, 0x00, 0x00, 0x00, 0x00, 0x00,
  0x00, 0x00, 0x00, 0x00, 0x00, 0x00, 0x00, 0x00, 0x00, 0x00, 0x00, 0x00, 0x00, 0x00, 0x00, 0x00,
  0x00, 0x00, 0x00, 0x00, 0x00, 0x00, 0x00, 0x00, 0x00, 0x00, 0x00, 0x00, 0x00, 0x00, 0x00, 0x00,
  0x00, 0x00, 0x00, 0x00, 0x00, 0x00, 0x00, 0x00, 0x00, 0x00, 0x00, 0x00, 0x00, 0x00, 0x00, 0x00,
  0x5e, 0x3e, 0x24, 0xff, 0x5e, 0x3e, 0x24, 0xff, 0x5e, 0x3e, 0x24, 0xff, 0x5e, 0x3e, 0x24, 0xff,
  0x5e, 0x3e, 0x24, 0xff, 0x5e, 0x3e, 0x24, 0xff, 0x5e, 0x3e, 0x24, 0xff, 0x5e, 0x3e, 0x24, 0xff,
  0x5e, 0x3e, 0x24, 0xff, 0x5e, 0x3e, 0x24, 0xff, 0x5e, 0x3e, 0x24, 0xff, 0x5e, 0x3e, 0x24, 0xff,
  0x5e, 0x3e, 0x24, 0xff, 0x5e, 0x3e, 0x24, 0xff, 0x5e, 0x3e, 0x24, 0xff, 0x5e, 0x3e, 0x24, 0xff,
  0x00, 0x00, 0x00, 0x00, 0x00, 0x00, 0x00, 0x00, 0x00, 0x00, 0x00, 0x00, 0x00, 0x00, 0x00, 0x00,
  0x00, 0x00, 0x00, 0x00, 0x00, 0x00, 0x00, 0x00, 0x00, 0x00, 0x00, 0x00, 0x00, 0x00, 0x00, 0x00,
  0x00, 0x00, 0x00, 0x00, 0x00, 0x00, 0x00, 0x00, 0x00, 0x00, 0x00, 0x00, 0x00, 0x00, 0x00, 0x00,
  0x00, 0x00, 0x00, 0x00, 0x00, 0x00, 0x00, 0x00, 0x00, 0x00, 0x00, 0x00, 0x00, 0x00, 0x00, 0x00,
  0x00, 0x00, 0x00, 0x00, 0x00, 0x00, 0x00, 0x00, 0x00, 0x00, 0x00, 0x00, 0x00, 0x00, 0x00, 0x00,
  0x00, 0x00, 0x00, 0x00, 0x00, 0x00, 0x00, 0x00, 0x00, 0x00, 0x00, 0x00, 0x00, 0x00, 0x00, 0x00,
  0x00, 0x00, 0x00, 0x00, 0x00, 0x00, 0x00, 0x00, 0x00, 0x00, 0x00, 0x00, 0x00, 0x00, 0x00, 0x00,
  0x00, 0x00, 0x00, 0x00, 0x00, 0x00, 0x00, 0x00, 0x00, 0x00, 0x00, 0x00, 0x00, 0x00, 0x00, 0x00,
  0x00, 0x00, 0x00, 0x00, 0x00, 0x00, 0x00, 0x00, 0x00, 0x00, 0x00, 0x00, 0x00, 0x00, 0x00, 0x00,
  0x00, 0x00, 0x00, 0x00, 0x00, 0x00, 0x00, 0x00, 0x00, 0x00, 0x00, 0x00, 0x00, 0x00, 0x00, 0x00,
  0x00, 0x00, 0x00, 0x00, 0x00, 0x00, 0x00, 0x00, 0x00, 0x00, 0x00, 0x00, 0x00, 0x00, 0x00, 0x00,
  0x00, 0x00, 0x00, 0x00, 0x00, 0x00, 0x00, 0x00, 0x00, 0x00, 0x00, 0x00, 0x00, 0x00, 0x00, 0x00,
  0x5e, 0x3e, 0x24, 0xff, 0x5e, 0x3e, 0x24, 0xff, 0x5e, 0x3e, 0x24, 0xff, 0x5e, 0x3e, 0x24, 0xff,
  0x5e, 0x3e, 0x24, 0xff, 0x5e, 0x3e, 0x24, 0xff, 0x5e, 0x3e, 0x24, 0xff, 0x5e, 0x3e, 0x24, 0xff,
  0x5e, 0x3e, 0x24, 0xff, 0x5e, 0x3e, 0x24, 0xff, 0x5e, 0x3e, 0x24, 0xff, 0x5e, 0x3e, 0x24, 0xff,
  0x5e, 0x3e, 0x24, 0xff, 0x5e, 0x3e, 0x24, 0xff, 0x5e, 0x3e, 0x24, 0xff, 0x5e, 0x3e, 0x24, 0xff,
  0x00, 0x00, 0x00, 0x00, 0x00, 0x00, 0x00, 0x00, 0x00, 0x00, 0x00, 0x00, 0x00, 0x00, 0x00, 0x00,
  0x00, 0x00, 0x00, 0x00, 0x00, 0x00, 0x00, 0x00, 0x00, 0x00, 0x00, 0x00, 0x00, 0x00, 0x00, 0x00,
  0x00, 0x00, 0x00, 0x00, 0x00, 0x00, 0x00, 0x00, 0x00, 0x00, 0x00, 0x00, 0x00, 0x00, 0x00, 0x00,
  0x00, 0x00, 0x00, 0x00, 0x00, 0x00, 0x00, 0x00, 0x00, 0x00, 0x00, 0x00, 0x00, 0x00, 0x00, 0x00,
  0x00, 0x00, 0x00, 0x00, 0x00, 0x00, 0x00, 0x00, 0x00, 0x00, 0x00, 0x00, 0x00, 0x00, 0x00, 0x00,
  0x00, 0x00, 0x00, 0x00, 0x00, 0x00, 0x00, 0x00, 0x00, 0x00, 0x00, 0x00, 0x00, 0x00, 0x00, 0x00,
  0x00, 0x00, 0x00, 0x00, 0x00, 0x00, 0x00, 0x00, 0x00, 0x00, 0x00, 0x00, 0x00, 0x00, 0x00, 0x00,
  0x00, 0x00, 0x00, 0x00, 0x00, 0x00, 0x00, 0x00, 0x00, 0x00, 0x00, 0x00, 0x00, 0x00, 0x00, 0x00,
  0x00, 0x00, 0x00, 0x00, 0x00, 0x00, 0x00, 0x00, 0x00, 0x00, 0x00, 0x00, 0x00, 0x00, 0x00, 0x00,
  0x00, 0x00, 0x00, 0x00, 0x00, 0x00, 0x00, 0x00, 0x00, 0x00, 0x00, 0x00, 0x00, 0x00, 0x00, 0x00,
  0x00, 0x00, 0x00, 0x00, 0x00, 0x00, 0x00, 0x00, 0x00, 0x00, 0x00, 0x00, 0x00, 0x00, 0x00, 0x00,
  0x00, 0x00, 0x00, 0x00, 0x00, 0x00, 0x00, 0x00, 0x00, 0x00, 0x00, 0x00, 0x00, 0x00, 0x00, 0x00,
  0x5e, 0x3e, 0x24, 0xff, 0x5e, 0x3e, 0x24, 0xff, 0x5e, 0x3e, 0x24, 0xff, 0x5e, 0x3e, 0x24, 0xff,
  0x5e, 0x3e, 0x24, 0xff, 0x5e, 0x3e, 0x24, 0xff, 0x5e, 0x3e, 0x24, 0xff, 0x5e, 0x3e, 0x24, 0xff,
  0x5e, 0x3e, 0x24, 0xff, 0x5e, 0x3e, 0x24, 0xff, 0x5e, 0x3e, 0x24, 0xff, 0x5e, 0x3e, 0x24, 0xff,
  0x5e, 0x3e, 0x24, 0xff, 0x5e, 0x3e, 0x24, 0xff, 0x5e, 0x3e, 0x24, 0xff, 0x5e, 0x3e, 0x24, 0xff,
  0x00, 0x00, 0x00, 0x00, 0x00, 0x00, 0x00, 0x00, 0x00, 0x00, 0x00, 0x00, 0x00, 0x00, 0x00, 0x00,
  0x00, 0x00, 0x00, 0x00, 0x00, 0x00, 0x00, 0x00, 0x00, 0x00, 0x00, 0x00, 0x00, 0x00, 0x00, 0x00,
  0x00, 0x00, 0x00, 0x00, 0x00, 0x00, 0x00, 0x00, 0x00, 0x00, 0x00, 0x00, 0x00, 0x00, 0x00, 0x00,
  0x00, 0x00, 0x00, 0x00, 0x00, 0x00, 0x00, 0x00, 0x00, 0x00, 0x00, 0x00, 0x00, 0x00, 0x00, 0x00,
  0x00, 0x00, 0x00, 0x00, 0x00, 0x00, 0x00, 0x00, 0x00, 0x00, 0x00, 0x00, 0x00, 0x00, 0x00, 0x00,
  0x00, 0x00, 0x00, 0x00, 0x00, 0x00, 0x00, 0x00, 0x00, 0x00, 0x00, 0x00, 0x00, 0x00, 0x00, 0x00,
  0x00, 0x00, 0x00, 0x00, 0x00, 0x00, 0x00, 0x00, 0x00, 0x00, 0x00, 0x00, 0x00, 0x00, 0x00, 0x00,
  0x00, 0x00, 0x00, 0x00, 0x00, 0x00, 0x00, 0x00, 0x00, 0x00, 0x00, 0x00, 0x00, 0x00, 0x00, 0x00,
  0x00, 0x00, 0x00, 0x00, 0x00, 0x00, 0x00, 0x00, 0x00, 0x00, 0x00, 0x00, 0x00, 0x00, 0x00, 0x00,
  0x00, 0x00, 0x00, 0x00, 0x00, 0x00, 0x00, 0x00, 0x00, 0x00, 0x00, 0x00, 0x00, 0x00, 0x00, 0x00,
  0x00, 0x00, 0x00, 0x00, 0x00, 0x00, 0x00, 0x00, 0x00, 0x00, 0x00, 0x00, 0x00, 0x00, 0x00, 0x00,
  0x00, 0x00, 0x00, 0x00, 0x00, 0x00, 0x00, 0x00, 0x00, 0x00, 0x00, 0x00, 0x00, 0x00, 0x00, 0x00,
  0x5e, 0x3e, 0x24, 0xff, 0x5e, 0x3e, 0x24, 0xff, 0x5e, 0x3e, 0x24, 0xff, 0x5e, 0x3e, 0x24, 0xff,
  0x5e, 0x3e, 0x24, 0xff, 0x5e, 0x3e, 0x24, 0xff, 0x5e, 0x3e, 0x24, 0xff, 0x5e, 0x3e, 0x24, 0xff,
  0x5e, 0x3e, 0x24, 0xff, 0x5e, 0x3e, 0x24, 0xff, 0x5e, 0x3e, 0x24, 0xff, 0x5e, 0x3e, 0x24, 0xff,
  0x5e, 0x3e, 0x24, 0xff, 0x5e, 0x3e, 0x24, 0xff, 0x5e, 0x3e, 0x24, 0xff, 0x5e, 0x3e, 0x24, 0xff,
  0x00, 0x00, 0x00, 0x00, 0x00, 0x00, 0x00, 0x00, 0x00, 0x00, 0x00, 0x00, 0x00, 0x00, 0x00, 0x00,
  0x00, 0x00, 0x00, 0x00, 0x00, 0x00, 0x00, 0x00, 0x00, 0x00, 0x00, 0x00, 0x00, 0x00, 0x00, 0x00,
  0x00, 0x00, 0x00, 0x00, 0x00, 0x00, 0x00, 0x00, 0x00, 0x00, 0x00, 0x00, 0x00, 0x00, 0x00, 0x00,
  0x00, 0x00, 0x00, 0x00, 0x00, 0x00, 0x00, 0x00, 0x00, 0x00, 0x00, 0x00, 0x00, 0x00, 0x00, 0x00,
  0x00, 0x00, 0x00, 0x00, 0x00, 0x00, 0x00, 0x00, 0x00, 0x00, 0x00, 0x00, 0x00, 0x00, 0x00, 0x00,
  0x00, 0x00, 0x00, 0x00, 0x00, 0x00, 0x00, 0x00, 0x00, 0x00, 0x00, 0x00, 0x00, 0x00, 0x00, 0x00,
  0x00, 0x00, 0x00, 0x00, 0x00, 0x00, 0x00, 0x00, 0x00, 0x00, 0x00, 0x00, 0x00, 0x00, 0x00, 0x00,
  0x00, 0x00, 0x00, 0x00, 0x00, 0x00, 0x00, 0x00, 0x00, 0x00, 0x00, 0x00, 0x00, 0x00, 0x00, 0x00,
  0x00, 0x00, 0x00, 0x00, 0x00, 0x00, 0x00, 0x00, 0x00, 0x00, 0x00, 0x00, 0x00, 0x00, 0x00, 0x00,
  0x00, 0x00, 0x00, 0x00, 0x00, 0x00, 0x00, 0x00, 0x00, 0x00, 0x00, 0x00, 0x00, 0x00, 0x00, 0x00,
  0x00, 0x00, 0x00, 0x00, 0x00, 0x00, 0x00, 0x00, 0x00, 0x00, 0x00, 0x00, 0x00, 0x00, 0x00, 0x00,
  0x00, 0x00, 0x00, 0x00, 0x00, 0x00, 0x00, 0x00, 0x00, 0x00, 0x00, 0x00, 0x00, 0x00, 0x00, 0x00,
  0x5e, 0x3e, 0x24, 0xff, 0x5e, 0x3e, 0x24, 0xff, 0x5e, 0x3e, 0x24, 0xff, 0x5e, 0x3e, 0x24, 0xff,
  0x5e, 0x3e, 0x24, 0xff, 0x5e, 0x3e, 0x24, 0xff, 0x5e, 0x3e, 0x24, 0xff, 0x5e, 0x3e, 0x24, 0xff,
  0x5e, 0x3e, 0x24, 0xff, 0x5e, 0x3e, 0x24, 0xff, 0x5e, 0x3e, 0x24, 0xff, 0x5e, 0x3e, 0x24, 0xff,
  0x5e, 0x3e, 0x24, 0xff, 0x5e, 0x3e, 0x24, 0xff, 0x5e, 0x3e, 0x24, 0xff, 0x5e, 0x3e, 0x24, 0xff,
  0x00, 0x00, 0x00, 0x00, 0x00, 0x00, 0x00, 0x00, 0x00, 0x00, 0x00, 0x00, 0x00, 0x00, 0x00, 0x00,
  0x00, 0x00, 0x00, 0x00, 0x00, 0x00, 0x00, 0x00, 0x00, 0x00, 0x00, 0x00, 0x00, 0x00, 0x00, 0x00,
  0x00, 0x00, 0x00, 0x00, 0x00, 0x00, 0x00, 0x00, 0x00, 0x00, 0x00, 0x00, 0x00, 0x00, 0x00, 0x00,
  0x00, 0x00, 0x00, 0x00, 0x00, 0x00, 0x00, 0x00, 0x00, 0x00, 0x00, 0x00, 0x00, 0x00, 0x00, 0x00,
  0x00, 0x00, 0x00, 0x00, 0x00, 0x00, 0x00, 0x00, 0x00, 0x00, 0x00, 0x00, 0x00, 0x00, 0x00, 0x00,
  0x00, 0x00, 0x00, 0x00, 0x00, 0x00, 0x00, 0x00, 0x00, 0x00, 0x00, 0x00, 0x00, 0x00, 0x00, 0x00,
  0x00, 0x00, 0x00, 0x00, 0x00, 0x00, 0x00, 0x00, 0x00, 0x00, 0x00, 0x00, 0x00, 0x00, 0x00, 0x00,
  0x00, 0x00, 0x00, 0x00, 0x00, 0x00, 0x00, 0x00, 0x00, 0x00, 0x00, 0x00, 0x00, 0x00, 0x00, 0x00,
  0x00, 0x00, 0x00, 0x00, 0x00, 0x00, 0x00, 0x00, 0x00, 0x00, 0x00, 0x00, 0x00, 0x00, 0x00, 0x00,
  0x00, 0x00, 0x00, 0x00, 0x00, 0x00, 0x00, 0x00, 0x00, 0x00, 0x00, 0x00, 0x00, 0x00, 0x00, 0x00,
  0x5e, 0x3e, 0x24, 0xff, 0x5e, 0x3e, 0x24, 0xff, 0x5e, 0x3e, 0x24, 0xff, 0x5e, 0x3e, 0x24, 0xff,
  0x5e, 0x3e, 0x24, 0xff, 0x5e, 0x3e, 0x24, 0xff, 0x5e, 0x3e, 0x24, 0xff, 0x5e, 0x3e, 0x24, 0xff,
  0x5e, 0x3e, 0x24, 0xff, 0x5e, 0x3e, 0x24, 0xff, 0x5e, 0x3e, 0x24, 0xff, 0x5e, 0x3e, 0x24, 0xff,
  0x5e, 0x3e, 0x24, 0xff, 0x5e, 0x3e, 0x24, 0xff, 0x5e, 0x3e, 0x24, 0xff, 0x5e, 0x3e, 0x24, 0xff,
  0x5e, 0x3e, 0x24, 0xff, 0x5e, 0x3e, 0x24, 0xff, 0x5e, 0x3e, 0x24, 0xff, 0x5e, 0x3e, 0x24, 0xff,
  0x5e, 0x3e, 0x24, 0xff, 0x5e, 0x3e, 0x24, 0xff, 0x5e, 0x3e, 0x24, 0xff, 0x5e, 0x3e, 0x24, 0xff,
  0x5e, 0x3e, 0x24, 0xff, 0x5e, 0x3e, 0x24, 0xff, 0x5e, 0x3e, 0x24, 0xff, 0x5e, 0x3e, 0x24, 0xff,
  0x5e, 0x3e, 0x24, 0xff, 0x5e, 0x3e, 0x24, 0xff, 0x5e, 0x3e, 0x24, 0xff, 0x5e, 0x3e, 0x24, 0xff,
  0x00, 0x00, 0x00, 0x00, 0x00, 0x00, 0x00, 0x00, 0x00, 0x00, 0x00, 0x00, 0x00, 0x00, 0x00, 0x00,
  0x00, 0x00, 0x00, 0x00, 0x00, 0x00, 0x00, 0x00, 0x00, 0x00, 0x00, 0x00, 0x00, 0x00, 0x00, 0x00,
  0x00, 0x00, 0x00, 0x00, 0x00, 0x00, 0x00, 0x00, 0x00, 0x00, 0x00, 0x00, 0x00, 0x00, 0x00, 0x00,
  0x00, 0x00, 0x00, 0x00, 0x00, 0x00, 0x00, 0x00, 0x00, 0x00, 0x00, 0x00, 0x00, 0x00, 0x00, 0x00,
  0x00, 0x00, 0x00, 0x00, 0x00, 0x00, 0x00, 0x00, 0x00, 0x00, 0x00, 0x00, 0x00, 0x00, 0x00, 0x00,
  0x00, 0x00, 0x00, 0x00, 0x00, 0x00, 0x00, 0x00, 0x00, 0x00, 0x00, 0x00, 0x00, 0x00, 0x00, 0x00,
  0x00, 0x00, 0x00, 0x00, 0x00, 0x00, 0x00, 0x00, 0x00, 0x00, 0x00, 0x00, 0x00, 0x00, 0x00, 0x00,
  0x00, 0x00, 0x00, 0x00, 0x00, 0x00, 0x00, 0x00, 0x00, 0x00, 0x00, 0x00, 0x00, 0x00, 0x00, 0x00,
  0x5e, 0x3e, 0x24, 0xff, 0x5e, 0x3e, 0x24, 0xff, 0x5e, 0x3e, 0x24, 0xff, 0x5e, 0x3e, 0x24, 0xff,
  0x5e, 0x3e, 0x24, 0xff, 0x5e, 0x3e, 0x24, 0xff, 0x5e, 0x3e, 0x24, 0xff, 0x5e, 0x3e, 0x24, 0xff,
  0x5e, 0x3e, 0x24, 0xff, 0x5e, 0x3e, 0x24, 0xff, 0x5e, 0x3e, 0x24, 0xff, 0x5e, 0x3e, 0x24, 0xff,
  0x5e, 0x3e, 0x24, 0xff, 0x5e, 0x3e, 0x24, 0xff, 0x5e, 0x3e, 0x24, 0xff, 0x5e, 0x3e, 0x24, 0xff,
  0x5e, 0x3e, 0x24, 0xff, 0x5e, 0x3e, 0x24, 0xff, 0x5e, 0x3e, 0x24, 0xff, 0x5e, 0x3e, 0x24, 0xff,
  0x5e, 0x3e, 0x24, 0xff, 0x5e, 0x3e, 0x24, 0xff, 0x5e, 0x3e, 0x24, 0xff, 0x5e, 0x3e, 0x24, 0xff,
  0x5e, 0x3e, 0x24, 0xff, 0x5e, 0x3e, 0x24, 0xff, 0x5e, 0x3e, 0x24, 0xff, 0x5e, 0x3e, 0x24, 0xff,
  0x5e, 0x3e, 0x24, 0xff, 0x5e, 0x3e, 0x24, 0xff, 0x5e, 0x3e, 0x24, 0xff, 0x5e, 0x3e, 0x24, 0xff,
  0x00, 0x00, 0x00, 0x00, 0x00, 0x00, 0x00, 0x00, 0x00, 0x00, 0x00, 0x00, 0x00, 0x00, 0x00, 0x00,
  0x00, 0x00, 0x00, 0x00, 0x00, 0x00, 0x00, 0x00, 0x00, 0x00, 0x00, 0x00, 0x00, 0x00, 0x00, 0x00,
  0x00, 0x00, 0x00, 0x00, 0x00, 0x00, 0x00, 0x00, 0x00, 0x00, 0x00, 0x00, 0x00, 0x00, 0x00, 0x00,
  0x00, 0x00, 0x00, 0x00, 0x00, 0x00, 0x00, 0x00, 0x00, 0x00, 0x00, 0x00, 0x00, 0x00, 0x00, 0x00,
  0x00, 0x00, 0x00, 0x00, 0x00, 0x00, 0x00, 0x00, 0x00, 0x00, 0x00, 0x00, 0x00, 0x00, 0x00, 0x00,
  0x00, 0x00, 0x00, 0x00, 0x00, 0x00, 0x00, 0x00, 0x00, 0x00, 0x00, 0x00, 0x00, 0x00, 0x00, 0x00,
  0x00, 0x00, 0x00, 0x00, 0x00, 0x00, 0x00, 0x00, 0x00, 0x00, 0x00, 0x00, 0x00, 0x00, 0x00, 0x00,
  0x00, 0x00, 0x00, 0x00, 0x00, 0x00, 0x00, 0x00, 0x00, 0x00, 0x00, 0x00, 0x00, 0x00, 0x00, 0x00,
  0x5e, 0x3e, 0x24, 0xff, 0x5e, 0x3e, 0x24, 0xff, 0x5e, 0x3e, 0x24, 0xff, 0x5e, 0x3e, 0x24, 0xff,
  0x5e, 0x3e, 0x24, 0xff, 0x5e, 0x3e, 0x24, 0xff, 0x5e, 0x3e, 0x24, 0xff, 0x5e, 0x3e, 0x24, 0xff,
  0xe0, 0xae, 0x83, 0xff, 0xe0, 0xae, 0x83, 0xff, 0xe0, 0xae, 0x83, 0xff, 0xe0, 0xae, 0x83, 0xff,
  0xe0, 0xae, 0x83, 0xff, 0xe0, 0xae, 0x83, 0xff, 0xe0, 0xae, 0x83, 0xff, 0xe0, 0xae, 0x83, 0xff,
  0x5e, 0x3e, 0x24, 0xff, 0x5e, 0x3e, 0x24, 0xff, 0x5e, 0x3e, 0x24, 0xff, 0x5e, 0x3e, 0x24, 0xff,
  0x5e, 0x3e, 0x24, 0xff, 0x5e, 0x3e, 0x24, 0xff, 0x5e, 0x3e, 0x24, 0xff, 0x5e, 0x3e, 0x24, 0xff,
  0x5e, 0x3e, 0x24, 0xff, 0x5e, 0x3e, 0x24, 0xff, 0x5e, 0x3e, 0x24, 0xff, 0x5e, 0x3e, 0x24, 0xff,
  0x5e, 0x3e, 0x24, 0xff, 0x5e, 0x3e, 0x24, 0xff, 0x5e, 0x3e, 0x24, 0xff, 0x5e, 0x3e, 0x24, 0xff,
  0x00, 0x00, 0x00, 0x00, 0x00, 0x00, 0x00, 0x00, 0x00, 0x00, 0x00, 0x00, 0x00, 0x00, 0x00, 0x00,
  0x00, 0x00, 0x00, 0x00, 0x00, 0x00, 0x00, 0x00, 0x00, 0x00, 0x00, 0x00, 0x00, 0x00, 0x00, 0x00,
  0x00, 0x00, 0x00, 0x00, 0x00, 0x00, 0x00, 0x00, 0x00, 0x00, 0x00, 0x00, 0x00, 0x00, 0x00, 0x00,
  0x00, 0x00, 0x00, 0x00, 0x00, 0x00, 0x00, 0x00, 0x00, 0x00, 0x00, 0x00, 0x00, 0x00, 0x00, 0x00,
  0x00, 0x00, 0x00, 0x00, 0x00, 0x00, 0x00, 0x00, 0x00, 0x00, 0x00, 0x00, 0x00, 0x00, 0x00, 0x00,
  0x00, 0x00, 0x00, 0x00, 0x00, 0x00, 0x00, 0x00, 0x00, 0x00, 0x00, 0x00, 0x00, 0x00, 0x00, 0x00,
  0x00, 0x00, 0x00, 0x00, 0x00, 0x00, 0x00, 0x00, 0x00, 0x00, 0x00, 0x00, 0x00, 0x00, 0x00, 0x00,
  0x00, 0x00, 0x00, 0x00, 0x00, 0x00, 0x00, 0x00, 0x00, 0x00, 0x00, 0x00, 0x00, 0x00, 0x00, 0x00,
  0x5e, 0x3e, 0x24, 0xff, 0x5e, 0x3e, 0x24, 0xff, 0x5e, 0x3e, 0x24, 0xff, 0x5e, 0x3e, 0x24, 0xff,
  0x5e, 0x3e, 0x24, 0xff, 0x5e, 0x3e, 0x24, 0xff, 0x5e, 0x3e, 0x24, 0xff, 0x5e, 0x3e, 0x24, 0xff,
  0xe0, 0xae, 0x83, 0xff, 0xe0, 0xae, 0x83, 0xff, 0xe0, 0xae, 0x83, 0xff, 0xe0, 0xae, 0x83, 0xff,
  0xe0, 0xae, 0x83, 0xff, 0xe0, 0xae, 0x83, 0xff, 0xe0, 0xae, 0x83, 0xff, 0xe0, 0xae, 0x83, 0xff,
  0x5e, 0x3e, 0x24, 0xff, 0x5e, 0x3e, 0x24, 0xff, 0x5e, 0x3e, 0x24, 0xff, 0x5e, 0x3e, 0x24, 0xff,
  0x5e, 0x3e, 0x24, 0xff, 0x5e, 0x3e, 0x24, 0xff, 0x5e, 0x3e, 0x24, 0xff, 0x5e, 0x3e, 0x24, 0xff,
  0x5e, 0x3e, 0x24, 0xff, 0x5e, 0x3e, 0x24, 0xff, 0x5e, 0x3e, 0x24, 0xff, 0x5e, 0x3e, 0x24, 0xff,
  0x5e, 0x3e, 0x24, 0xff, 0x5e, 0x3e, 0x24, 0xff, 0x5e, 0x3e, 0x24, 0xff, 0x5e, 0x3e, 0x24, 0xff,
  0x00, 0x00, 0x00, 0x00, 0x00, 0x00, 0x00, 0x00, 0x00, 0x00, 0x00, 0x00, 0x00, 0x00, 0x00, 0x00,
  0x00, 0x00, 0x00, 0x00, 0x00, 0x00, 0x00, 0x00, 0x00, 0x00, 0x00, 0x00, 0x00, 0x00, 0x00, 0x00,
  0x00, 0x00, 0x00, 0x00, 0x00, 0x00, 0x00, 0x00, 0x00, 0x00, 0x00, 0x00, 0x00, 0x00, 0x00, 0x00,
  0x00, 0x00, 0x00, 0x00, 0x00, 0x00, 0x00, 0x00, 0x00, 0x00, 0x00, 0x00, 0x00, 0x00, 0x00, 0x00,
  0x00, 0x00, 0x00, 0x00, 0x00, 0x00, 0x00, 0x00, 0x00, 0x00, 0x00, 0x00, 0x00, 0x00, 0x00, 0x00,
  0x00, 0x00, 0x00, 0x00, 0x00, 0x00, 0x00, 0x00, 0x00, 0x00, 0x00, 0x00, 0x00, 0x00, 0x00, 0x00,
  0x00, 0x00, 0x00, 0x00, 0x00, 0x00, 0x00, 0x00, 0x00, 0x00, 0x00, 0x00, 0x00, 0x00, 0x00, 0x00,
  0x00, 0x00, 0x00, 0x00, 0x00, 0x00, 0x00, 0x00, 0x00, 0x00, 0x00, 0x00, 0x00, 0x00, 0x00, 0x00,
  0x5e, 0x3e, 0x24, 0xff, 0x5e, 0x3e, 0x24, 0xff, 0x5e, 0x3e, 0x24, 0xff, 0x5e, 0x3e, 0x24, 0xff,
  0x5e, 0x3e, 0x24, 0xff, 0x5e, 0x3e, 0x24, 0xff, 0x5e, 0x3e, 0x24, 0xff, 0x5e, 0x3e, 0x24, 0xff,
  0xe0, 0xae, 0x83, 0xff, 0xe0, 0xae, 0x83, 0xff, 0x28, 0x1e, 0x1a, 0xff, 0xe0, 0xae, 0x83, 0xff,
  0xe0, 0xae, 0x83, 0xff, 0x28, 0x1e, 0x1a, 0xff, 0xe0, 0xae, 0x83, 0xff, 0xe0, 0xae, 0x83, 0xff,
  0x5e, 0x3e, 0x24, 0xff, 0x5e, 0x3e, 0x24, 0xff, 0x5e, 0x3e, 0x24, 0xff, 0x5e, 0x3e, 0x24, 0xff,
  0x5e, 0x3e, 0x24, 0xff, 0x5e, 0x3e, 0x24, 0xff, 0x5e, 0x3e, 0x24, 0xff, 0x5e, 0x3e, 0x24, 0xff,
  0x5e, 0x3e, 0x24, 0xff, 0x5e, 0x3e, 0x24, 0xff, 0x5e, 0x3e, 0x24, 0xff, 0x5e, 0x3e, 0x24, 0xff,
  0x5e, 0x3e, 0x24, 0xff, 0x5e, 0x3e, 0x24, 0xff, 0x5e, 0x3e, 0x24, 0xff, 0x5e, 0x3e, 0x24, 0xff,
  0x00, 0x00, 0x00, 0x00, 0x00, 0x00, 0x00, 0x00, 0x00, 0x00, 0x00, 0x00, 0x00, 0x00, 0x00, 0x00,
  0x00, 0x00, 0x00, 0x00, 0x00, 0x00, 0x00, 0x00, 0x00, 0x00, 0x00, 0x00, 0x00, 0x00, 0x00, 0x00,
  0x00, 0x00, 0x00, 0x00, 0x00, 0x00, 0x00, 0x00, 0x00, 0x00, 0x00, 0x00, 0x00, 0x00, 0x00, 0x00,
  0x00, 0x00, 0x00, 0x00, 0x00, 0x00, 0x00, 0x00, 0x00, 0x00, 0x00, 0x00, 0x00, 0x00, 0x00, 0x00,
  0x00, 0x00, 0x00, 0x00, 0x00, 0x00, 0x00, 0x00, 0x00, 0x00, 0x00, 0x00, 0x00, 0x00, 0x00, 0x00,
  0x00, 0x00, 0x00, 0x00, 0x00, 0x00, 0x00, 0x00, 0x00, 0x00, 0x00, 0x00, 0x00, 0x00, 0x00, 0x00,
  0x00, 0x00, 0x00, 0x00, 0x00, 0x00, 0x00, 0x00, 0x00, 0x00, 0x00, 0x00, 0x00, 0x00, 0x00, 0x00,
  0x00, 0x00, 0x00, 0x00, 0x00, 0x00, 0x00, 0x00, 0x00, 0x00, 0x00, 0x00, 0x00, 0x00, 0x00, 0x00,
  0x5e, 0x3e, 0x24, 0xff, 0x5e, 0x3e, 0x24, 0xff, 0x5e, 0x3e, 0x24, 0xff, 0x5e, 0x3e, 0x24, 0xff,
  0x5e, 0x3e, 0x24, 0xff, 0x5e, 0x3e, 0x24, 0xff, 0x5e, 0x3e, 0x24, 0xff, 0x5e, 0x3e, 0x24, 0xff,
  0xe0, 0xae, 0x83, 0xff, 0xe0, 0xae, 0x83, 0xff, 0xe0, 0xae, 0x83, 0xff, 0xe0, 0xae, 0x83, 0xff,
  0xe0, 0xae, 0x83, 0xff, 0xe0, 0xae, 0x83, 0xff, 0xe0, 0xae, 0x83, 0xff, 0xe0, 0xae, 0x83, 0xff,
  0x5e, 0x3e, 0x24, 0xff, 0x5e, 0x3e, 0x24, 0xff, 0x5e, 0x3e, 0x24, 0xff, 0x5e, 0x3e, 0x24, 0xff,
  0x5e, 0x3e, 0x24, 0xff, 0x5e, 0x3e, 0x24, 0xff, 0x5e, 0x3e, 0x24, 0xff, 0x5e, 0x3e, 0x24, 0xff,
  0x5e, 0x3e, 0x24, 0xff, 0x5e, 0x3e, 0x24, 0xff, 0x5e, 0x3e, 0x24, 0xff, 0x5e, 0x3e, 0x24, 0xff,
  0x5e, 0x3e, 0x24, 0xff, 0x5e, 0x3e, 0x24, 0xff, 0x5e, 0x3e, 0x24, 0xff, 0x5e, 0x3e, 0x24, 0xff,
  0x00, 0x00, 0x00, 0x00, 0x00, 0x00, 0x00, 0x00, 0x00, 0x00, 0x00, 0x00, 0x00, 0x00, 0x00, 0x00,
  0x00, 0x00, 0x00, 0x00, 0x00, 0x00, 0x00, 0x00, 0x00, 0x00, 0x00, 0x00, 0x00, 0x00, 0x00, 0x00,
  0x00, 0x00, 0x00, 0x00, 0x00, 0x00, 0x00, 0x00, 0x00, 0x00, 0x00, 0x00, 0x00, 0x00, 0x00, 0x00,
  0x00, 0x00, 0x00, 0x00, 0x00, 0x00, 0x00, 0x00, 0x00, 0x00, 0x00, 0x00, 0x00, 0x00, 0x00, 0x00,
  0x00, 0x00, 0x00, 0x00, 0x00, 0x00, 0x00, 0x00, 0x00, 0x00, 0x00, 0x00, 0x00, 0x00, 0x00, 0x00,
  0x00, 0x00, 0x00, 0x00, 0x00, 0x00, 0x00, 0x00, 0x00, 0x00, 0x00, 0x00, 0x00, 0x00, 0x00, 0x00,
  0x00, 0x00, 0x00, 0x00, 0x00, 0x00, 0x00, 0x00, 0x00, 0x00, 0x00, 0x00, 0x00, 0x00, 0x00, 0x00,
  0x00, 0x00, 0x00, 0x00, 0x00, 0x00, 0x00, 0x00, 0x00, 0x00, 0x00, 0x00, 0x00, 0x00, 0x00, 0x00,
  0x5e, 0x3e, 0x24, 0xff, 0x5e, 0x3e, 0x24, 0xff, 0x5e, 0x3e, 0x24, 0xff, 0x5e, 0x3e, 0x24, 0xff,
  0x5e, 0x3e, 0x24, 0xff, 0x5e, 0x3e, 0x24, 0xff, 0x5e, 0x3e, 0x24, 0xff, 0x5e, 0x3e, 0x24, 0xff,
  0xe0, 0xae, 0x83, 0xff, 0xe0, 0xae, 0x83, 0xff, 0x8c, 0x56, 0x3c, 0xff, 0x8c, 0x56, 0x3c, 0xff,
  0x8c, 0x56, 0x3c, 0xff, 0x8c, 0x56, 0x3c, 0xff, 0xe0, 0xae, 0x83, 0xff, 0xe0, 0xae, 0x83, 0xff,
  0x5e, 0x3e, 0x24, 0xff, 0x5e, 0x3e, 0x24, 0xff, 0x5e, 0x3e, 0x24, 0xff, 0x5e, 0x3e, 0x24, 0xff,
  0x5e, 0x3e, 0x24, 0xff, 0x5e, 0x3e, 0x24, 0xff, 0x5e, 0x3e, 0x24, 0xff, 0x5e, 0x3e, 0x24, 0xff,
  0x5e, 0x3e, 0x24, 0xff, 0x5e, 0x3e, 0x24, 0xff, 0x5e, 0x3e, 0x24, 0xff, 0x5e, 0x3e, 0x24, 0xff,
  0x5e, 0x3e, 0x24, 0xff, 0x5e, 0x3e, 0x24, 0xff, 0x5e, 0x3e, 0x24, 0xff, 0x5e, 0x3e, 0x24, 0xff,
  0x00, 0x00, 0x00, 0x00, 0x00, 0x00, 0x00, 0x00, 0x00, 0x00, 0x00, 0x00, 0x00, 0x00, 0x00, 0x00,
  0x00, 0x00, 0x00, 0x00, 0x00, 0x00, 0x00, 0x00, 0x00, 0x00, 0x00, 0x00, 0x00, 0x00, 0x00, 0x00,
  0x00, 0x00, 0x00, 0x00, 0x00, 0x00, 0x00, 0x00, 0x00, 0x00, 0x00, 0x00, 0x00, 0x00, 0x00, 0x00,
  0x00, 0x00, 0x00, 0x00, 0x00, 0x00, 0x00, 0x00, 0x00, 0x00, 0x00, 0x00, 0x00, 0x00, 0x00, 0x00,
  0x00, 0x00, 0x00, 0x00, 0x00, 0x00, 0x00, 0x00, 0x00, 0x00, 0x00, 0x00, 0x00, 0x00, 0x00, 0x00,
  0x00, 0x00, 0x00, 0x00, 0x00, 0x00, 0x00, 0x00, 0x00, 0x00, 0x00, 0x00, 0x00, 0x00, 0x00, 0x00,
  0x00, 0x00, 0x00, 0x00, 0x00, 0x00, 0x00, 0x00, 0x00, 0x00, 0x00, 0x00, 0x00, 0x00, 0x00, 0x00,
  0x00, 0x00, 0x00, 0x00, 0x00, 0x00, 0x00, 0x00, 0x00, 0x00, 0x00, 0x00, 0x00, 0x00, 0x00, 0x00,
  0x5e, 0x3e, 0x24, 0xff, 0x5e, 0x3e, 0x24, 0xff, 0x5e, 0x3e, 0x24, 0xff, 0x5e, 0x3e, 0x24, 0xff,
  0x5e, 0x3e, 0x24, 0xff, 0x5e, 0x3e, 0x24, 0xff, 0x5e, 0x3e, 0x24, 0xff, 0x5e, 0x3e, 0x24, 0xff,
  0xe0, 0xae, 0x83, 0xff, 0xe0, 0xae, 0x83, 0xff, 0xe0, 0xae, 0x83, 0xff, 0xe0, 0xae, 0x83, 0xff,
  0xe0, 0xae, 0x83, 0xff, 0xe0, 0xae, 0x83, 0xff, 0xe0, 0xae, 0x83, 0xff, 0xe0, 0xae, 0x83, 0xff,
  0x5e, 0x3e, 0x24, 0xff, 0x5e, 0x3e, 0x24, 0xff, 0x5e, 0x3e, 0x24, 0xff, 0x5e, 0x3e, 0x24, 0xff,
  0x5e, 0x3e, 0x24, 0xff, 0x5e, 0x3e, 0x24, 0xff, 0x5e, 0x3e, 0x24, 0xff, 0x5e, 0x3e, 0x24, 0xff,
  0x5e, 0x3e, 0x24, 0xff, 0x5e, 0x3e, 0x24, 0xff, 0x5e, 0x3e, 0x24, 0xff, 0x5e, 0x3e, 0x24, 0xff,
  0x5e, 0x3e, 0x24, 0xff, 0x5e, 0x3e, 0x24, 0xff, 0x5e, 0x3e, 0x24, 0xff, 0x5e, 0x3e, 0x24, 0xff,
  0x00, 0x00, 0x00, 0x00, 0x00, 0x00, 0x00, 0x00, 0x00, 0x00, 0x00, 0x00, 0x00, 0x00, 0x00, 0x00,
  0x00, 0x00, 0x00, 0x00, 0x00, 0x00, 0x00, 0x00, 0x00, 0x00, 0x00, 0x00, 0x00, 0x00, 0x00, 0x00,
  0x00, 0x00, 0x00, 0x00, 0x00, 0x00, 0x00, 0x00, 0x00, 0x00, 0x00, 0x00, 0x00, 0x00, 0x00, 0x00,
  0x00, 0x00, 0x00, 0x00, 0x00, 0x00, 0x00, 0x00, 0x00, 0x00, 0x00, 0x00, 0x00, 0x00, 0x00, 0x00,
  0x00, 0x00, 0x00, 0x00, 0x00, 0x00, 0x00, 0x00, 0x00, 0x00, 0x00, 0x00, 0x00, 0x00, 0x00, 0x00,
  0x00, 0x00, 0x00, 0x00, 0x00, 0x00, 0x00, 0x00, 0x00, 0x00, 0x00, 0x00, 0x00, 0x00, 0x00, 0x00,
  0x00, 0x00, 0x00, 0x00, 0x00, 0x00, 0x00, 0x00, 0x00, 0x00, 0x00, 0x00, 0x00, 0x00, 0x00, 0x00,
  0x00, 0x00, 0x00, 0x00, 0x00, 0x00, 0x00, 0x00, 0x00, 0x00, 0x00, 0x00, 0x00, 0x00, 0x00, 0x00,
  0x00, 0x00, 0x00, 0x00, 0x00, 0x00, 0x00, 0x00, 0x00, 0x00, 0x00, 0x00, 0x00, 0x00, 0x00, 0x00,
  0x46, 0x46, 0x94, 0xff, 0x46, 0x46, 0x94, 0xff, 0x46, 0x46, 0x94, 0xff, 0x46, 0x46, 0x94, 0xff,
  0x46, 0x46, 0x94, 0xff, 0x46, 0x46, 0x94, 0xff, 0x46, 0x46, 0x94, 0xff, 0x46, 0x46, 0x94, 0xff,
  0x00, 0x00, 0x00, 0x00, 0x00, 0x00, 0x00, 0x00, 0x00, 0x00, 0x00, 0x00, 0x00, 0x00, 0x00, 0x00,
  0x00, 0x00, 0x00, 0x00, 0x00, 0x00, 0x00, 0x00, 0x00, 0x00, 0x00, 0x00, 0x00, 0x00, 0x00, 0x00,
  0x38, 0xa0, 0xa4, 0xff, 0x38, 0xa0, 0xa4, 0xff, 0x38, 0xa0, 0xa4, 0xff, 0x38, 0xa0, 0xa4, 0xff,
  0x38, 0xa0, 0xa4, 0xff, 0x38, 0xa0, 0xa4, 0xff, 0x38, 0xa0, 0xa4, 0xff, 0x38, 0xa0, 0xa4, 0xff,
  0x38, 0xa0, 0xa4, 0xff, 0x38, 0xa0, 0xa4, 0xff, 0x38, 0xa0, 0xa4, 0xff, 0x38, 0xa0, 0xa4, 0xff,
  0x38, 0xa0, 0xa4, 0xff, 0x38, 0xa0, 0xa4, 0xff, 0x38, 0xa0, 0xa4, 0xff, 0x38, 0xa0, 0xa4, 0xff,
  0x00, 0x00, 0x00, 0x00, 0x00, 0x00, 0x00, 0x00, 0x00, 0x00, 0x00, 0x00, 0x00, 0x00, 0x00, 0x00,
  0x00, 0x00, 0x00, 0x00, 0x00, 0x00, 0x00, 0x00, 0x00, 0x00, 0x00, 0x00, 0x00, 0x00, 0x00, 0x00,
  0x38, 0xa0, 0xa4, 0xff, 0x38, 0xa0, 0xa4, 0xff, 0x38, 0xa0, 0xa4, 0xff, 0x38, 0xa0, 0xa4, 0xff,
  0x38, 0xa0, 0xa4, 0xff, 0x38, 0xa0, 0xa4, 0xff, 0x38, 0xa0, 0xa4, 0xff, 0x38, 0xa0, 0xa4, 0xff,
  0x00, 0x00, 0x00, 0x00, 0x00, 0x00, 0x00, 0x00, 0x00, 0x00, 0x00, 0x00, 0x00, 0x00, 0x00, 0x00,
  0x00, 0x00, 0x00, 0x00, 0x00, 0x00, 0x00, 0x00, 0x00, 0x00, 0x00, 0x00, 0x00, 0x00, 0x00, 0x00,
  0x00, 0x00, 0x00, 0x00, 0x00, 0x00, 0x00, 0x00, 0x00, 0x00, 0x00, 0x00, 0x00, 0x00, 0x00, 0x00,
  0x00, 0x00, 0x00, 0x00, 0x00, 0x00, 0x00, 0x00, 0x00, 0x00, 0x00, 0x00, 0x00, 0x00, 0x00, 0x00,
  0x46, 0x46, 0x94, 0xff, 0x46, 0x46, 0x94, 0xff, 0x46, 0x46, 0x94, 0xff, 0x46, 0x46, 0x94, 0xff,
  0x46, 0x46, 0x94, 0xff, 0x46, 0x46, 0x94, 0xff, 0x46, 0x46, 0x94, 0xff, 0x46, 0x46, 0x94, 0xff,
  0x00, 0x00, 0x00, 0x00, 0x00, 0x00, 0x00, 0x00, 0x00, 0x00, 0x00, 0x00, 0x00, 0x00, 0x00, 0x00,
  0x00, 0x00, 0x00, 0x00, 0x00, 0x00, 0x00, 0x00, 0x00, 0x00, 0x00, 0x00, 0x00, 0x00, 0x00, 0x00,
  0x38, 0xa0, 0xa4, 0xff, 0x38, 0xa0, 0xa4, 0xff, 0x38, 0xa0, 0xa4, 0xff, 0x38, 0xa0, 0xa4, 0xff,
  0x38, 0xa0, 0xa4, 0xff, 0x38, 0xa0, 0xa4, 0xff, 0x38, 0xa0, 0xa4, 0xff, 0x38, 0xa0, 0xa4, 0xff,
  0x38, 0xa0, 0xa4, 0xff, 0x38, 0xa0, 0xa4, 0xff, 0x38, 0xa0, 0xa4, 0xff, 0x38, 0xa0, 0xa4, 0xff,
  0x38, 0xa0, 0xa4, 0xff, 0x38, 0xa0, 0xa4, 0xff, 0x38, 0xa0, 0xa4, 0xff, 0x38, 0xa0, 0xa4, 0xff,
  0x00, 0x00, 0x00, 0x00, 0x00, 0x00, 0x00, 0x00, 0x00, 0x00, 0x00, 0x00, 0x00, 0x00, 0x00, 0x00,
  0x00, 0x00, 0x00, 0x00, 0x00, 0x00, 0x00, 0x00, 0x00, 0x00, 0x00, 0x00, 0x00, 0x00, 0x00, 0x00,
  0x38, 0xa0, 0xa4, 0xff, 0x38, 0xa0, 0xa4, 0xff, 0x38, 0xa0, 0xa4, 0xff, 0x38, 0xa0, 0xa4, 0xff,
  0x38, 0xa0, 0xa4, 0xff, 0x38, 0xa0, 0xa4, 0xff, 0x38, 0xa0, 0xa4, 0xff, 0x38, 0xa0, 0xa4, 0xff,
  0x00, 0x00, 0x00, 0x00, 0x00, 0x00, 0x00, 0x00, 0x00, 0x00, 0x00, 0x00, 0x00, 0x00, 0x00, 0x00,
  0x00, 0x00, 0x00, 0x00, 0x00, 0x00, 0x00, 0x00, 0x00, 0x00, 0x00, 0x00, 0x00, 0x00, 0x00, 0x00,
  0x00, 0x00, 0x00, 0x00, 0x00, 0x00, 0x00, 0x00, 0x00, 0x00, 0x00, 0x00, 0x00, 0x00, 0x00, 0x00,
  0x00, 0x00, 0x00, 0x00, 0x00, 0x00, 0x00, 0x00, 0x00, 0x00, 0x00, 0x00, 0x00, 0x00, 0x00, 0x00,
  0x46, 0x46, 0x94, 0xff, 0x46, 0x46, 0x94, 0xff, 0x46, 0x46, 0x94, 0xff, 0x46, 0x46, 0x94, 0xff,
  0x46, 0x46, 0x94, 0xff, 0x46, 0x46, 0x94, 0xff, 0x46, 0x46, 0x94, 0xff, 0x46, 0x46, 0x94, 0xff,
  0x00, 0x00, 0x00, 0x00, 0x00, 0x00, 0x00, 0x00, 0x00, 0x00, 0x00, 0x00, 0x00, 0x00, 0x00, 0x00,
  0x00, 0x00, 0x00, 0x00, 0x00, 0x00, 0x00, 0x00, 0x00, 0x00, 0x00, 0x00, 0x00, 0x00, 0x00, 0x00,
  0x38, 0xa0, 0xa4, 0xff, 0x38, 0xa0, 0xa4, 0xff, 0x38, 0xa0, 0xa4, 0xff, 0x38, 0xa0, 0xa4, 0xff,
  0x38, 0xa0, 0xa4, 0xff, 0x38, 0xa0, 0xa4, 0xff, 0x38, 0xa0, 0xa4, 0xff, 0x38, 0xa0, 0xa4, 0xff,
  0x38, 0xa0, 0xa4, 0xff, 0x38, 0xa0, 0xa4, 0xff, 0x38, 0xa0, 0xa4, 0xff, 0x38, 0xa0, 0xa4, 0xff,
  0x38, 0xa0, 0xa4, 0xff, 0x38, 0xa0, 0xa4, 0xff, 0x38, 0xa0, 0xa4, 0xff, 0x38, 0xa0, 0xa4, 0xff,
  0x00, 0x00, 0x00, 0x00, 0x00, 0x00, 0x00, 0x00, 0x00, 0x00, 0x00, 0x00, 0x00, 0x00, 0x00, 0x00,
  0x00, 0x00, 0x00, 0x00, 0x00, 0x00, 0x00, 0x00, 0x00, 0x00, 0x00, 0x00, 0x00, 0x00, 0x00, 0x00,
  0x38, 0xa0, 0xa4, 0xff, 0x38, 0xa0, 0xa4, 0xff, 0x38, 0xa0, 0xa4, 0xff, 0x38, 0xa0, 0xa4, 0xff,
  0x38, 0xa0, 0xa4, 0xff, 0x38, 0xa0, 0xa4, 0xff, 0x38, 0xa0, 0xa4, 0xff, 0x38, 0xa0, 0xa4, 0xff,
  0x00, 0x00, 0x00, 0x00, 0x00, 0x00, 0x00, 0x00, 0x00, 0x00, 0x00, 0x00, 0x00, 0x00, 0x00, 0x00,
  0x00, 0x00, 0x00, 0x00, 0x00, 0x00, 0x00, 0x00, 0x00, 0x00, 0x00, 0x00, 0x00, 0x00, 0x00, 0x00,
  0x00, 0x00, 0x00, 0x00, 0x00, 0x00, 0x00, 0x00, 0x00, 0x00, 0x00, 0x00, 0x00, 0x00, 0x00, 0x00,
  0x00, 0x00, 0x00, 0x00, 0x00, 0x00, 0x00, 0x00, 0x00, 0x00, 0x00, 0x00, 0x00, 0x00, 0x00, 0x00,
  0x46, 0x46, 0x94, 0xff, 0x46, 0x46, 0x94, 0xff, 0x46, 0x46, 0x94, 0xff, 0x46, 0x46, 0x94, 0xff,
  0x46, 0x46, 0x94, 0xff, 0x46, 0x46, 0x94, 0xff, 0x46, 0x46, 0x94, 0xff, 0x46, 0x46, 0x94, 0xff,
  0x00, 0x00, 0x00, 0x00, 0x00, 0x00, 0x00, 0x00, 0x00, 0x00, 0x00, 0x00, 0x00, 0x00, 0x00, 0x00,
  0x00, 0x00, 0x00, 0x00, 0x00, 0x00, 0x00, 0x00, 0x00, 0x00, 0x00, 0x00, 0x00, 0x00, 0x00, 0x00,
  0x38, 0xa0, 0xa4, 0xff, 0x38, 0xa0, 0xa4, 0xff, 0x38, 0xa0, 0xa4, 0xff, 0x38, 0xa0, 0xa4, 0xff,
  0x38, 0xa0, 0xa4, 0xff, 0x38, 0xa0, 0xa4, 0xff, 0x38, 0xa0, 0xa4, 0xff, 0x38, 0xa0, 0xa4, 0xff,
  0x38, 0xa0, 0xa4, 0xff, 0x38, 0xa0, 0xa4, 0xff, 0x38, 0xa0, 0xa4, 0xff, 0x38, 0xa0, 0xa4, 0xff,
  0x38, 0xa0, 0xa4, 0xff, 0x38, 0xa0, 0xa4, 0xff, 0x38, 0xa0, 0xa4, 0xff, 0x38, 0xa0, 0xa4, 0xff,
  0x00, 0x00, 0x00, 0x00, 0x00, 0x00, 0x00, 0x00, 0x00, 0x00, 0x00, 0x00, 0x00, 0x00, 0x00, 0x00,
  0x00, 0x00, 0x00, 0x00, 0x00, 0x00, 0x00, 0x00, 0x00, 0x00, 0x00, 0x00, 0x00, 0x00, 0x00, 0x00,
  0x38, 0xa0, 0xa4, 0xff, 0x38, 0xa0, 0xa4, 0xff, 0x38, 0xa0, 0xa4, 0xff, 0x38, 0xa0, 0xa4, 0xff,
  0x38, 0xa0, 0xa4, 0xff, 0x38, 0xa0, 0xa4, 0xff, 0x38, 0xa0, 0xa4, 0xff, 0x38, 0xa0, 0xa4, 0xff,
  0x00, 0x00, 0x00, 0x00, 0x00, 0x00, 0x00, 0x00, 0x00, 0x00, 0x00, 0x00, 0x00, 0x00, 0x00, 0x00,
  0x00, 0x00, 0x00, 0x00, 0x00, 0x00, 0x00, 0x00, 0x00, 0x00, 0x00, 0x00, 0x00, 0x00, 0x00, 0x00,
  0x00, 0x00, 0x00, 0x00, 0x00, 0x00, 0x00, 0x00, 0x00, 0x00, 0x00, 0x00, 0x00, 0x00, 0x00, 0x00,
  0x46, 0x46, 0x94, 0xff, 0x46, 0x46, 0x94, 0xff, 0x46, 0x46, 0x94, 0xff, 0x46, 0x46, 0x94, 0xff,
  0x46, 0x46, 0x94, 0xff, 0x46, 0x46, 0x94, 0xff, 0x46, 0x46, 0x94, 0xff, 0x46, 0x46, 0x94, 0xff,
  0x46, 0x46, 0x94, 0xff, 0x46, 0x46, 0x94, 0xff, 0x46, 0x46, 0x94, 0xff, 0x46, 0x46, 0x94, 0xff,
  0x46, 0x46, 0x94, 0xff, 0x46, 0x46, 0x94, 0xff, 0x46, 0x46, 0x94, 0xff, 0x46, 0x46, 0x94, 0xff,
  0x38, 0xa0, 0xa4, 0xff, 0x38, 0xa0, 0xa4, 0xff, 0x38, 0xa0, 0xa4, 0xff, 0x38, 0xa0, 0xa4, 0xff,
  0x38, 0xa0, 0xa4, 0xff, 0x38, 0xa0, 0xa4, 0xff, 0x38, 0xa0, 0xa4, 0xff, 0x38, 0xa0, 0xa4, 0xff,
  0x38, 0xa0, 0xa4, 0xff, 0x38, 0xa0, 0xa4, 0xff, 0x38, 0xa0, 0xa4, 0xff, 0x38, 0xa0, 0xa4, 0xff,
  0x38, 0xa0, 0xa4, 0xff, 0x38, 0xa0, 0xa4, 0xff, 0x38, 0xa0, 0xa4, 0xff, 0x38, 0xa0, 0xa4, 0xff,
  0x2c, 0x78, 0x7c, 0xff, 0x2c, 0x78, 0x7c, 0xff, 0x2c, 0x78, 0x7c, 0xff, 0x2c, 0x78, 0x7c, 0xff,
  0x2c, 0x78, 0x7c, 0xff, 0x2c, 0x78, 0x7c, 0xff, 0x2c, 0x78, 0x7c, 0xff, 0x2c, 0x78, 0x7c, 0xff,
  0x38, 0xa0, 0xa4, 0xff, 0x38, 0xa0, 0xa4, 0xff, 0x38, 0xa0, 0xa4, 0xff, 0x38, 0xa0, 0xa4, 0xff,
  0x38, 0xa0, 0xa4, 0xff, 0x38, 0xa0, 0xa4, 0xff, 0x38, 0xa0, 0xa4, 0xff, 0x38, 0xa0, 0xa4, 0xff,
  0x38, 0xa0, 0xa4, 0xff, 0x38, 0xa0, 0xa4, 0xff, 0x38, 0xa0, 0xa4, 0xff, 0x38, 0xa0, 0xa4, 0xff,
  0x38, 0xa0, 0xa4, 0xff, 0x38, 0xa0, 0xa4, 0xff, 0x38, 0xa0, 0xa4, 0xff, 0x38, 0xa0, 0xa4, 0xff,
  0x00, 0x00, 0x00, 0x00, 0x00, 0x00, 0x00, 0x00, 0x00, 0x00, 0x00, 0x00, 0x00, 0x00, 0x00, 0x00,
  0x00, 0x00, 0x00, 0x00, 0x00, 0x00, 0x00, 0x00, 0x00, 0x00, 0x00, 0x00, 0x00, 0x00, 0x00, 0x00,
  0x46, 0x46, 0x94, 0xff, 0x46, 0x46, 0x94, 0xff, 0x46, 0x46, 0x94, 0xff, 0x46, 0x46, 0x94, 0xff,
  0x46, 0x46, 0x94, 0xff, 0x46, 0x46, 0x94, 0xff, 0x46, 0x46, 0x94, 0xff, 0x46, 0x46, 0x94, 0xff,
  0x46, 0x46, 0x94, 0xff, 0x46, 0x46, 0x94, 0xff, 0x46, 0x46, 0x94, 0xff, 0x46, 0x46, 0x94, 0xff,
  0x46, 0x46, 0x94, 0xff, 0x46, 0x46, 0x94, 0xff, 0x46, 0x46, 0x94, 0xff, 0x46, 0x46, 0x94, 0xff,
  0x38, 0xa0, 0xa4, 0xff, 0x38, 0xa0, 0xa4, 0xff, 0x38, 0xa0, 0xa4, 0xff, 0x38, 0xa0, 0xa4, 0xff,
  0x38, 0xa0, 0xa4, 0xff, 0x38, 0xa0, 0xa4, 0xff, 0x38, 0xa0, 0xa4, 0xff, 0x38, 0xa0, 0xa4, 0xff,
  0x38, 0xa0, 0xa4, 0xff, 0x38, 0xa0, 0xa4, 0xff, 0x38, 0xa0, 0xa4, 0xff, 0x38, 0xa0, 0xa4, 0xff,
  0x38, 0xa0, 0xa4, 0xff, 0x38, 0xa0, 0xa4, 0xff, 0x38, 0xa0, 0xa4, 0xff, 0x38, 0xa0, 0xa4, 0xff,
  0x2c, 0x78, 0x7c, 0xff, 0x2c, 0x78, 0x7c, 0xff, 0x2c, 0x78, 0x7c, 0xff, 0x2c, 0x78, 0x7c, 0xff,
  0x2c, 0x78, 0x7c, 0xff, 0x2c, 0x78, 0x7c, 0xff, 0x2c, 0x78, 0x7c, 0xff, 0x2c, 0x78, 0x7c, 0xff,
  0x38, 0xa0, 0xa4, 0xff, 0x38, 0xa0, 0xa4, 0xff, 0x38, 0xa0, 0xa4, 0xff, 0x38, 0xa0, 0xa4, 0xff,
  0x38, 0xa0, 0xa4, 0xff, 0x38, 0xa0, 0xa4, 0xff, 0x38, 0xa0, 0xa4, 0xff, 0x38, 0xa0, 0xa4, 0xff,
  0x38, 0xa0, 0xa4, 0xff, 0x38, 0xa0, 0xa4, 0xff, 0x38, 0xa0, 0xa4, 0xff, 0x38, 0xa0, 0xa4, 0xff,
  0x38, 0xa0, 0xa4, 0xff, 0x38, 0xa0, 0xa4, 0xff, 0x38, 0xa0, 0xa4, 0xff, 0x38, 0xa0, 0xa4, 0xff,
  0x00, 0x00, 0x00, 0x00, 0x00, 0x00, 0x00, 0x00, 0x00, 0x00, 0x00, 0x00, 0x00, 0x00, 0x00, 0x00,
  0x00, 0x00, 0x00, 0x00, 0x00, 0x00, 0x00, 0x00, 0x00, 0x00, 0x00, 0x00, 0x00, 0x00, 0x00, 0x00,
  0x46, 0x46, 0x94, 0xff, 0x46, 0x46, 0x94, 0xff, 0x46, 0x46, 0x94, 0xff, 0x46, 0x46, 0x94, 0xff,
  0x46, 0x46, 0x94, 0xff, 0x46, 0x46, 0x94, 0xff, 0x46, 0x46, 0x94, 0xff, 0x46, 0x46, 0x94, 0xff,
  0x46, 0x46, 0x94, 0xff, 0x46, 0x46, 0x94, 0xff, 0x46, 0x46, 0x94, 0xff, 0x46, 0x46, 0x94, 0xff,
  0x46, 0x46, 0x94, 0xff, 0x46, 0x46, 0x94, 0xff, 0x46, 0x46, 0x94, 0xff, 0x46, 0x46, 0x94, 0xff,
  0x38, 0xa0, 0xa4, 0xff, 0x38, 0xa0, 0xa4, 0xff, 0x38, 0xa0, 0xa4, 0xff, 0x38, 0xa0, 0xa4, 0xff,
  0x38, 0xa0, 0xa4, 0xff, 0x38, 0xa0, 0xa4, 0xff, 0x34, 0x84, 0x88, 0xff, 0x34, 0x84, 0x88, 0xff,
  0x34, 0x84, 0x88, 0xff, 0x34, 0x84, 0x88, 0xff, 0x38, 0xa0, 0xa4, 0xff, 0x38, 0xa0, 0xa4, 0xff,
  0x38, 0xa0, 0xa4, 0xff, 0x38, 0xa0, 0xa4, 0xff, 0x38, 0xa0, 0xa4, 0xff, 0x38, 0xa0, 0xa4, 0xff,
  0x2c, 0x78, 0x7c, 0xff, 0x2c, 0x78, 0x7c, 0xff, 0x2c, 0x78, 0x7c, 0xff, 0x2c, 0x78, 0x7c, 0xff,
  0x2c, 0x78, 0x7c, 0xff, 0x2c, 0x78, 0x7c, 0xff, 0x2c, 0x78, 0x7c, 0xff, 0x2c, 0x78, 0x7c, 0xff,
  0x38, 0xa0, 0xa4, 0xff, 0x38, 0xa0, 0xa4, 0xff, 0x38, 0xa0, 0xa4, 0xff, 0x38, 0xa0, 0xa4, 0xff,
  0x38, 0xa0, 0xa4, 0xff, 0x38, 0xa0, 0xa4, 0xff, 0x38, 0xa0, 0xa4, 0xff, 0x38, 0xa0, 0xa4, 0xff,
  0x38, 0xa0, 0xa4, 0xff, 0x38, 0xa0, 0xa4, 0xff, 0x38, 0xa0, 0xa4, 0xff, 0x38, 0xa0, 0xa4, 0xff,
  0x38, 0xa0, 0xa4, 0xff, 0x38, 0xa0, 0xa4, 0xff, 0x38, 0xa0, 0xa4, 0xff, 0x38, 0xa0, 0xa4, 0xff,
  0x00, 0x00, 0x00, 0x00, 0x00, 0x00, 0x00, 0x00, 0x00, 0x00, 0x00, 0x00, 0x00, 0x00, 0x00, 0x00,
  0x00, 0x00, 0x00, 0x00, 0x00, 0x00, 0x00, 0x00, 0x00, 0x00, 0x00, 0x00, 0x00, 0x00, 0x00, 0x00,
  0x46, 0x46, 0x94, 0xff, 0x46, 0x46, 0x94, 0xff, 0x46, 0x46, 0x94, 0xff, 0x46, 0x46, 0x94, 0xff,
  0x46, 0x46, 0x94, 0xff, 0x46, 0x46, 0x94, 0xff, 0x46, 0x46, 0x94, 0xff, 0x46, 0x46, 0x94, 0xff,
  0x46, 0x46, 0x94, 0xff, 0x46, 0x46, 0x94, 0xff, 0x46, 0x46, 0x94, 0xff, 0x46, 0x46, 0x94, 0xff,
  0x46, 0x46, 0x94, 0xff, 0x46, 0x46, 0x94, 0xff, 0x46, 0x46, 0x94, 0xff, 0x46, 0x46, 0x94, 0xff,
  0x38, 0xa0, 0xa4, 0xff, 0x38, 0xa0, 0xa4, 0xff, 0x38, 0xa0, 0xa4, 0xff, 0x38, 0xa0, 0xa4, 0xff,
  0x38, 0xa0, 0xa4, 0xff, 0x38, 0xa0, 0xa4, 0xff, 0x34, 0x84, 0x88, 0xff, 0x34, 0x84, 0x88, 0xff,
  0x34, 0x84, 0x88, 0xff, 0x34, 0x84, 0x88, 0xff, 0x38, 0xa0, 0xa4, 0xff, 0x38, 0xa0, 0xa4, 0xff,
  0x38, 0xa0, 0xa4, 0xff, 0x38, 0xa0, 0xa4, 0xff, 0x38, 0xa0, 0xa4, 0xff, 0x38, 0xa0, 0xa4, 0xff,
  0x2c, 0x78, 0x7c, 0xff, 0x2c, 0x78, 0x7c, 0xff, 0x2c, 0x78, 0x7c, 0xff, 0x2c, 0x78, 0x7c, 0xff,
  0x2c, 0x78, 0x7c, 0xff, 0x2c, 0x78, 0x7c, 0xff, 0x2c, 0x78, 0x7c, 0xff, 0x2c, 0x78, 0x7c, 0xff,
  0x38, 0xa0, 0xa4, 0xff, 0x38, 0xa0, 0xa4, 0xff, 0x38, 0xa0, 0xa4, 0xff, 0x38, 0xa0, 0xa4, 0xff,
  0x38, 0xa0, 0xa4, 0xff, 0x38, 0xa0, 0xa4, 0xff, 0x38, 0xa0, 0xa4, 0xff, 0x38, 0xa0, 0xa4, 0xff,
  0x38, 0xa0, 0xa4, 0xff, 0x38, 0xa0, 0xa4, 0xff, 0x38, 0xa0, 0xa4, 0xff, 0x38, 0xa0, 0xa4, 0xff,
  0x38, 0xa0, 0xa4, 0xff, 0x38, 0xa0, 0xa4, 0xff, 0x38, 0xa0, 0xa4, 0xff, 0x38, 0xa0, 0xa4, 0xff,
  0x00, 0x00, 0x00, 0x00, 0x00, 0x00, 0x00, 0x00, 0x00, 0x00, 0x00, 0x00, 0x00, 0x00, 0x00, 0x00,
  0x00, 0x00, 0x00, 0x00, 0x00, 0x00, 0x00, 0x00, 0x00, 0x00, 0x00, 0x00, 0x00, 0x00, 0x00, 0x00,
  0x46, 0x46, 0x94, 0xff, 0x46, 0x46, 0x94, 0xff, 0x46, 0x46, 0x94, 0xff, 0x46, 0x46, 0x94, 0xff,
  0x46, 0x46, 0x94, 0xff, 0x46, 0x46, 0x94, 0xff, 0x46, 0x46, 0x94, 0xff, 0x46, 0x46, 0x94, 0xff,
  0x46, 0x46, 0x94, 0xff, 0x46, 0x46, 0x94, 0xff, 0x46, 0x46, 0x94, 0xff, 0x46, 0x46, 0x94, 0xff,
  0x46, 0x46, 0x94, 0xff, 0x46, 0x46, 0x94, 0xff, 0x46, 0x46, 0x94, 0xff, 0x46, 0x46, 0x94, 0xff,
  0x38, 0xa0, 0xa4, 0xff, 0x38, 0xa0, 0xa4, 0xff, 0x38, 0xa0, 0xa4, 0xff, 0x38, 0xa0, 0xa4, 0xff,
  0x38, 0xa0, 0xa4, 0xff, 0x38, 0xa0, 0xa4, 0xff, 0x34, 0x84, 0x88, 0xff, 0x34, 0x84, 0x88, 0xff,
  0x34, 0x84, 0x88, 0xff, 0x34, 0x84, 0x88, 0xff, 0x38, 0xa0, 0xa4, 0xff, 0x38, 0xa0, 0xa4, 0xff,
  0x38, 0xa0, 0xa4, 0xff, 0x38, 0xa0, 0xa4, 0xff, 0x38, 0xa0, 0xa4, 0xff, 0x38, 0xa0, 0xa4, 0xff,
  0x2c, 0x78, 0x7c, 0xff, 0x2c, 0x78, 0x7c, 0xff, 0x2c, 0x78, 0x7c, 0xff, 0x2c, 0x78, 0x7c, 0xff,
  0x2c, 0x78, 0x7c, 0xff, 0x2c, 0x78, 0x7c, 0xff, 0x2c, 0x78, 0x7c, 0xff, 0x2c, 0x78, 0x7c, 0xff,
  0xe0, 0xae, 0x83, 0xff, 0xe0, 0xae, 0x83, 0xff, 0xe0, 0xae, 0x83, 0xff, 0xe0, 0xae, 0x83, 0xff,
  0xe0, 0xae, 0x83, 0xff, 0xe0, 0xae, 0x83, 0xff, 0xe0, 0xae, 0x83, 0xff, 0xe0, 0xae, 0x83, 0xff,
  0xe0, 0xae, 0x83, 0xff, 0xe0, 0xae, 0x83, 0xff, 0xe0, 0xae, 0x83, 0xff, 0xe0, 0xae, 0x83, 0xff,
  0xe0, 0xae, 0x83, 0xff, 0xe0, 0xae, 0x83, 0xff, 0xe0, 0xae, 0x83, 0xff, 0xe0, 0xae, 0x83, 0xff,
  0x00, 0x00, 0x00, 0x00, 0x00, 0x00, 0x00, 0x00, 0x00, 0x00, 0x00, 0x00, 0x00, 0x00, 0x00, 0x00,
  0x00, 0x00, 0x00, 0x00, 0x00, 0x00, 0x00, 0x00, 0x00, 0x00, 0x00, 0x00, 0x00, 0x00, 0x00, 0x00,
  0x46, 0x46, 0x94, 0xff, 0x46, 0x46, 0x94, 0xff, 0x46, 0x46, 0x94, 0xff, 0x46, 0x46, 0x94, 0xff,
  0x46, 0x46, 0x94, 0xff, 0x46, 0x46, 0x94, 0xff, 0x46, 0x46, 0x94, 0xff, 0x46, 0x46, 0x94, 0xff,
  0x46, 0x46, 0x94, 0xff, 0x46, 0x46, 0x94, 0xff, 0x46, 0x46, 0x94, 0xff, 0x46, 0x46, 0x94, 0xff,
  0x46, 0x46, 0x94, 0xff, 0x46, 0x46, 0x94, 0xff, 0x46, 0x46, 0x94, 0xff, 0x46, 0x46, 0x94, 0xff,
  0x38, 0xa0, 0xa4, 0xff, 0x38, 0xa0, 0xa4, 0xff, 0x38, 0xa0, 0xa4, 0xff, 0x38, 0xa0, 0xa4, 0xff,
  0x38, 0xa0, 0xa4, 0xff, 0x38, 0xa0, 0xa4, 0xff, 0x34, 0x84, 0x88, 0xff, 0x34, 0x84, 0x88, 0xff,
  0x34, 0x84, 0x88, 0xff, 0x34, 0x84, 0x88, 0xff, 0x38, 0xa0, 0xa4, 0xff, 0x38, 0xa0, 0xa4, 0xff,
  0x38, 0xa0, 0xa4, 0xff, 0x38, 0xa0, 0xa4, 0xff, 0x38, 0xa0, 0xa4, 0xff, 0x38, 0xa0, 0xa4, 0xff,
  0x2c, 0x78, 0x7c, 0xff, 0x2c, 0x78, 0x7c, 0xff, 0x2c, 0x78, 0x7c, 0xff, 0x2c, 0x78, 0x7c, 0xff,
  0x2c, 0x78, 0x7c, 0xff, 0x2c, 0x78, 0x7c, 0xff, 0x2c, 0x78, 0x7c, 0xff, 0x2c, 0x78, 0x7c, 0xff,
  0xe0, 0xae, 0x83, 0xff, 0xe0, 0xae, 0x83, 0xff, 0xe0, 0xae, 0x83, 0xff, 0xe0, 0xae, 0x83, 0xff,
  0xe0, 0xae, 0x83, 0xff, 0xe0, 0xae, 0x83, 0xff, 0xe0, 0xae, 0x83, 0xff, 0xe0, 0xae, 0x83, 0xff,
  0xe0, 0xae, 0x83, 0xff, 0xe0, 0xae, 0x83, 0xff, 0xe0, 0xae, 0x83, 0xff, 0xe0, 0xae, 0x83, 0xff,
  0xe0, 0xae, 0x83, 0xff, 0xe0, 0xae, 0x83, 0xff, 0xe0, 0xae, 0x83, 0xff, 0xe0, 0xae, 0x83, 0xff,
  0x00, 0x00, 0x00, 0x00, 0x00, 0x00, 0x00, 0x00, 0x00, 0x00, 0x00, 0x00, 0x00, 0x00, 0x00, 0x00,
  0x00, 0x00, 0x00, 0x00, 0x00, 0x00, 0x00, 0x00, 0x00, 0x00, 0x00, 0x00, 0x00, 0x00, 0x00, 0x00,
  0x46, 0x46, 0x94, 0xff, 0x46, 0x46, 0x94, 0xff, 0x46, 0x46, 0x94, 0xff, 0x46, 0x46, 0x94, 0xff,
  0x46, 0x46, 0x94, 0xff, 0x46, 0x46, 0x94, 0xff, 0x46, 0x46, 0x94, 0xff, 0x46, 0x46, 0x94, 0xff,
  0x46, 0x46, 0x94, 0xff, 0x46, 0x46, 0x94, 0xff, 0x46, 0x46, 0x94, 0xff, 0x46, 0x46, 0x94, 0xff,
  0x46, 0x46, 0x94, 0xff, 0x46, 0x46, 0x94, 0xff, 0x46, 0x46, 0x94, 0xff, 0x46, 0x46, 0x94, 0xff,
  0x38, 0xa0, 0xa4, 0xff, 0x38, 0xa0, 0xa4, 0xff, 0x38, 0xa0, 0xa4, 0xff, 0x38, 0xa0, 0xa4, 0xff,
  0x38, 0xa0, 0xa4, 0xff, 0x38, 0xa0, 0xa4, 0xff, 0x34, 0x84, 0x88, 0xff, 0x34, 0x84, 0x88, 0xff,
  0x34, 0x84, 0x88, 0xff, 0x34, 0x84, 0x88, 0xff, 0x38, 0xa0, 0xa4, 0xff, 0x38, 0xa0, 0xa4, 0xff,
  0x38, 0xa0, 0xa4, 0xff, 0x38, 0xa0, 0xa4, 0xff, 0x38, 0xa0, 0xa4, 0xff, 0x38, 0xa0, 0xa4, 0xff,
  0x2c, 0x78, 0x7c, 0xff, 0x2c, 0x78, 0x7c, 0xff, 0x2c, 0x78, 0x7c, 0xff, 0x2c, 0x78, 0x7c, 0xff,
  0x2c, 0x78, 0x7c, 0xff, 0x2c, 0x78, 0x7c, 0xff, 0x2c, 0x78, 0x7c, 0xff, 0x2c, 0x78, 0x7c, 0xff,
  0xe0, 0xae, 0x83, 0xff, 0xe0, 0xae, 0x83, 0xff, 0xe0, 0xae, 0x83, 0xff, 0xe0, 0xae, 0x83, 0xff,
  0xe0, 0xae, 0x83, 0xff, 0xe0, 0xae, 0x83, 0xff, 0xe0, 0xae, 0x83, 0xff, 0xe0, 0xae, 0x83, 0xff,
  0xe0, 0xae, 0x83, 0xff, 0xe0, 0xae, 0x83, 0xff, 0xe0, 0xae, 0x83, 0xff, 0xe0, 0xae, 0x83, 0xff,
  0xe0, 0xae, 0x83, 0xff, 0xe0, 0xae, 0x83, 0xff, 0xe0, 0xae, 0x83, 0xff, 0xe0, 0xae, 0x83, 0xff,
  0x00, 0x00, 0x00, 0x00, 0x00, 0x00, 0x00, 0x00, 0x00, 0x00, 0x00, 0x00, 0x00, 0x00, 0x00, 0x00,
  0x00, 0x00, 0x00, 0x00, 0x00, 0x00, 0x00, 0x00, 0x00, 0x00, 0x00, 0x00, 0x00, 0x00, 0x00, 0x00,
  0x46, 0x46, 0x94, 0xff, 0x46, 0x46, 0x94, 0xff, 0x46, 0x46, 0x94, 0xff, 0x46, 0x46, 0x94, 0xff,
  0x46, 0x46, 0x94, 0xff, 0x46, 0x46, 0x94, 0xff, 0x46, 0x46, 0x94, 0xff, 0x46, 0x46, 0x94, 0xff,
  0x46, 0x46, 0x94, 0xff, 0x46, 0x46, 0x94, 0xff, 0x46, 0x46, 0x94, 0xff, 0x46, 0x46, 0x94, 0xff,
  0x46, 0x46, 0x94, 0xff, 0x46, 0x46, 0x94, 0xff, 0x46, 0x46, 0x94, 0xff, 0x46, 0x46, 0x94, 0xff,
  0x38, 0xa0, 0xa4, 0xff, 0x38, 0xa0, 0xa4, 0xff, 0x38, 0xa0, 0xa4, 0xff, 0x38, 0xa0, 0xa4, 0xff,
  0x38, 0xa0, 0xa4, 0xff, 0x38, 0xa0, 0xa4, 0xff, 0x34, 0x84, 0x88, 0xff, 0x34, 0x84, 0x88, 0xff,
  0x34, 0x84, 0x88, 0xff, 0x34, 0x84, 0x88, 0xff, 0x38, 0xa0, 0xa4, 0xff, 0x38, 0xa0, 0xa4, 0xff,
  0x38, 0xa0, 0xa4, 0xff, 0x38, 0xa0, 0xa4, 0xff, 0x38, 0xa0, 0xa4, 0xff, 0x38, 0xa0, 0xa4, 0xff,
  0x2c, 0x78, 0x7c, 0xff, 0x2c, 0x78, 0x7c, 0xff, 0x2c, 0x78, 0x7c, 0xff, 0x2c, 0x78, 0x7c, 0xff,
  0x2c, 0x78, 0x7c, 0xff, 0x2c, 0x78, 0x7c, 0xff, 0x2c, 0x78, 0x7c, 0xff, 0x2c, 0x78, 0x7c, 0xff,
  0xe0, 0xae, 0x83, 0xff, 0xe0, 0xae, 0x83, 0xff, 0xe0, 0xae, 0x83, 0xff, 0xe0, 0xae, 0x83, 0xff,
  0xe0, 0xae, 0x83, 0xff, 0xe0, 0xae, 0x83, 0xff, 0xe0, 0xae, 0x83, 0xff, 0xe0, 0xae, 0x83, 0xff,
  0xe0, 0xae, 0x83, 0xff, 0xe0, 0xae, 0x83, 0xff, 0xe0, 0xae, 0x83, 0xff, 0xe0, 0xae, 0x83, 0xff,
  0xe0, 0xae, 0x83, 0xff, 0xe0, 0xae, 0x83, 0xff, 0xe0, 0xae, 0x83, 0xff, 0xe0, 0xae, 0x83, 0xff,
  0x00, 0x00, 0x00, 0x00, 0x00, 0x00, 0x00, 0x00, 0x00, 0x00, 0x00, 0x00, 0x00, 0x00, 0x00, 0x00,
  0x00, 0x00, 0x00, 0x00, 0x00, 0x00, 0x00, 0x00, 0x00, 0x00, 0x00, 0x00, 0x00, 0x00, 0x00, 0x00,
  0x30, 0x30, 0x34, 0xff, 0x30, 0x30, 0x34, 0xff, 0x30, 0x30, 0x34, 0xff, 0x30, 0x30, 0x34, 0xff,
  0x30, 0x30, 0x34, 0xff, 0x30, 0x30, 0x34, 0xff, 0x30, 0x30, 0x34, 0xff, 0x30, 0x30, 0x34, 0xff,
  0x30, 0x30, 0x34, 0xff, 0x30, 0x30, 0x34, 0xff, 0x30, 0x30, 0x34, 0xff, 0x30, 0x30, 0x34, 0xff,
  0x30, 0x30, 0x34, 0xff, 0x30, 0x30, 0x34, 0xff, 0x30, 0x30, 0x34, 0xff, 0x30, 0x30, 0x34, 0xff,
  0x38, 0xa0, 0xa4, 0xff, 0x38, 0xa0, 0xa4, 0xff, 0x38, 0xa0, 0xa4, 0xff, 0x38, 0xa0, 0xa4, 0xff,
  0x38, 0xa0, 0xa4, 0xff, 0x38, 0xa0, 0xa4, 0xff, 0x34, 0x84, 0x88, 0xff, 0x34, 0x84, 0x88, 0xff,
  0x34, 0x84, 0x88, 0xff, 0x34, 0x84, 0x88, 0xff, 0x38, 0xa0, 0xa4, 0xff, 0x38, 0xa0, 0xa4, 0xff,
  0x38, 0xa0, 0xa4, 0xff, 0x38, 0xa0, 0xa4, 0xff, 0x38, 0xa0, 0xa4, 0xff, 0x38, 0xa0, 0xa4, 0xff,
  0x2c, 0x78, 0x7c, 0xff, 0x2c, 0x78, 0x7c, 0xff, 0x2c, 0x78, 0x7c, 0xff, 0x2c, 0x78, 0x7c, 0xff,
  0x2c, 0x78, 0x7c, 0xff, 0x2c, 0x78, 0x7c, 0xff, 0x2c, 0x78, 0x7c, 0xff, 0x2c, 0x78, 0x7c, 0xff,
  0xe0, 0xae, 0x83, 0xff, 0xe0, 0xae, 0x83, 0xff, 0xe0, 0xae, 0x83, 0xff, 0xe0, 0xae, 0x83, 0xff,
  0xe0, 0xae, 0x83, 0xff, 0xe0, 0xae, 0x83, 0xff, 0xe0, 0xae, 0x83, 0xff, 0xe0, 0xae, 0x83, 0xff,
  0xe0, 0xae, 0x83, 0xff, 0xe0, 0xae, 0x83, 0xff, 0xe0, 0xae, 0x83, 0xff, 0xe0, 0xae, 0x83, 0xff,
  0xe0, 0xae, 0x83, 0xff, 0xe0, 0xae, 0x83, 0xff, 0xe0, 0xae, 0x83, 0xff, 0xe0, 0xae, 0x83, 0xff,
  0x00, 0x00, 0x00, 0x00, 0x00, 0x00, 0x00, 0x00, 0x00, 0x00, 0x00, 0x00, 0x00, 0x00, 0x00, 0x00,
  0x00, 0x00, 0x00, 0x00, 0x00, 0x00, 0x00, 0x00, 0x00, 0x00, 0x00, 0x00, 0x00, 0x00, 0x00, 0x00,
  0x30, 0x30, 0x34, 0xff, 0x30, 0x30, 0x34, 0xff, 0x30, 0x30, 0x34, 0xff, 0x30, 0x30, 0x34, 0xff,
  0x30, 0x30, 0x34, 0xff, 0x30, 0x30, 0x34, 0xff, 0x30, 0x30, 0x34, 0xff, 0x30, 0x30, 0x34, 0xff,
  0x30, 0x30, 0x34, 0xff, 0x30, 0x30, 0x34, 0xff, 0x30, 0x30, 0x34, 0xff, 0x30, 0x30, 0x34, 0xff,
  0x30, 0x30, 0x34, 0xff, 0x30, 0x30, 0x34, 0xff, 0x30, 0x30, 0x34, 0xff, 0x30, 0x30, 0x34, 0xff,
  0x38, 0xa0, 0xa4, 0xff, 0x38, 0xa0, 0xa4, 0xff, 0x38, 0xa0, 0xa4, 0xff, 0x38, 0xa0, 0xa4, 0xff,
  0x38, 0xa0, 0xa4, 0xff, 0x38, 0xa0, 0xa4, 0xff, 0x34, 0x84, 0x88, 0xff, 0x34, 0x84, 0x88, 0xff,
  0x34, 0x84, 0x88, 0xff, 0x34, 0x84, 0x88, 0xff, 0x38, 0xa0, 0xa4, 0xff, 0x38, 0xa0, 0xa4, 0xff,
  0x38, 0xa0, 0xa4, 0xff, 0x38, 0xa0, 0xa4, 0xff, 0x38, 0xa0, 0xa4, 0xff, 0x38, 0xa0, 0xa4, 0xff,
  0x2c, 0x78, 0x7c, 0xff, 0x2c, 0x78, 0x7c, 0xff, 0x2c, 0x78, 0x7c, 0xff, 0x2c, 0x78, 0x7c, 0xff,
  0x2c, 0x78, 0x7c, 0xff, 0x2c, 0x78, 0x7c, 0xff, 0x2c, 0x78, 0x7c, 0xff, 0x2c, 0x78, 0x7c, 0xff,
  0xe0, 0xae, 0x83, 0xff, 0xe0, 0xae, 0x83, 0xff, 0xe0, 0xae, 0x83, 0xff, 0xe0, 0xae, 0x83, 0xff,
  0xe0, 0xae, 0x83, 0xff, 0xe0, 0xae, 0x83, 0xff, 0xe0, 0xae, 0x83, 0xff, 0xe0, 0xae, 0x83, 0xff,
  0xe0, 0xae, 0x83, 0xff, 0xe0, 0xae, 0x83, 0xff, 0xe0, 0xae, 0x83, 0xff, 0xe0, 0xae, 0x83, 0xff,
  0xe0, 0xae, 0x83, 0xff, 0xe0, 0xae, 0x83, 0xff, 0xe0, 0xae, 0x83, 0xff, 0xe0, 0xae, 0x83, 0xff,
  0x00, 0x00, 0x00, 0x00, 0x00, 0x00, 0x00, 0x00, 0x00, 0x00, 0x00, 0x00, 0x00, 0x00, 0x00, 0x00,
  0x00, 0x00, 0x00, 0x00, 0x00, 0x00, 0x00, 0x00, 0x00, 0x00, 0x00, 0x00, 0x00, 0x00, 0x00, 0x00,
  0x30, 0x30, 0x34, 0xff, 0x30, 0x30, 0x34, 0xff, 0x30, 0x30, 0x34, 0xff, 0x30, 0x30, 0x34, 0xff,
  0x30, 0x30, 0x34, 0xff, 0x30, 0x30, 0x34, 0xff, 0x30, 0x30, 0x34, 0xff, 0x30, 0x30, 0x34, 0xff,
  0x30, 0x30, 0x34, 0xff, 0x30, 0x30, 0x34, 0xff, 0x30, 0x30, 0x34, 0xff, 0x30, 0x30, 0x34, 0xff,
  0x30, 0x30, 0x34, 0xff, 0x30, 0x30, 0x34, 0xff, 0x30, 0x30, 0x34, 0xff, 0x30, 0x30, 0x34, 0xff,
  0x38, 0xa0, 0xa4, 0xff, 0x38, 0xa0, 0xa4, 0xff, 0x38, 0xa0, 0xa4, 0xff, 0x38, 0xa0, 0xa4, 0xff,
  0x38, 0xa0, 0xa4, 0xff, 0x38, 0xa0, 0xa4, 0xff, 0x38, 0xa0, 0xa4, 0xff, 0x38, 0xa0, 0xa4, 0xff,
  0x38, 0xa0, 0xa4, 0xff, 0x38, 0xa0, 0xa4, 0xff, 0x38, 0xa0, 0xa4, 0xff, 0x38, 0xa0, 0xa4, 0xff,
  0x38, 0xa0, 0xa4, 0xff, 0x38, 0xa0, 0xa4, 0xff, 0x38, 0xa0, 0xa4, 0xff, 0x38, 0xa0, 0xa4, 0xff,
  0x2c, 0x78, 0x7c, 0xff, 0x2c, 0x78, 0x7c, 0xff, 0x2c, 0x78, 0x7c, 0xff, 0x2c, 0x78, 0x7c, 0xff,
  0x2c, 0x78, 0x7c, 0xff, 0x2c, 0x78, 0x7c, 0xff, 0x2c, 0x78, 0x7c, 0xff, 0x2c, 0x78, 0x7c, 0xff,
  0xe0, 0xae, 0x83, 0xff, 0xe0, 0xae, 0x83, 0xff, 0xe0, 0xae, 0x83, 0xff, 0xe0, 0xae, 0x83, 0xff,
  0xe0, 0xae, 0x83, 0xff, 0xe0, 0xae, 0x83, 0xff, 0xe0, 0xae, 0x83, 0xff, 0xe0, 0xae, 0x83, 0xff,
  0xe0, 0xae, 0x83, 0xff, 0xe0, 0xae, 0x83, 0xff, 0xe0, 0xae, 0x83, 0xff, 0xe0, 0xae, 0x83, 0xff,
  0xe0, 0xae, 0x83, 0xff, 0xe0, 0xae, 0x83, 0xff, 0xe0, 0xae, 0x83, 0xff, 0xe0, 0xae, 0x83, 0xff,
  0x00, 0x00, 0x00, 0x00, 0x00, 0x00, 0x00, 0x00, 0x00, 0x00, 0x00, 0x00, 0x00, 0x00, 0x00, 0x00,
  0x00, 0x00, 0x00, 0x00, 0x00, 0x00, 0x00, 0x00, 0x00, 0x00, 0x00, 0x00, 0x00, 0x00, 0x00, 0x00,
  0x30, 0x30, 0x34, 0xff, 0x30, 0x30, 0x34, 0xff, 0x30, 0x30, 0x34, 0xff, 0x30, 0x30, 0x34, 0xff,
  0x30, 0x30, 0x34, 0xff, 0x30, 0x30, 0x34, 0xff, 0x30, 0x30, 0x34, 0xff, 0x30, 0x30, 0x34, 0xff,
  0x30, 0x30, 0x34, 0xff, 0x30, 0x30, 0x34, 0xff, 0x30, 0x30, 0x34, 0xff, 0x30, 0x30, 0x34, 0xff,
  0x30, 0x30, 0x34, 0xff, 0x30, 0x30, 0x34, 0xff, 0x30, 0x30, 0x34, 0xff, 0x30, 0x30, 0x34, 0xff,
  0x38, 0xa0, 0xa4, 0xff, 0x38, 0xa0, 0xa4, 0xff, 0x38, 0xa0, 0xa4, 0xff, 0x38, 0xa0, 0xa4, 0xff,
  0x38, 0xa0, 0xa4, 0xff, 0x38, 0xa0, 0xa4, 0xff, 0x38, 0xa0, 0xa4, 0xff, 0x38, 0xa0, 0xa4, 0xff,
  0x38, 0xa0, 0xa4, 0xff, 0x38, 0xa0, 0xa4, 0xff, 0x38, 0xa0, 0xa4, 0xff, 0x38, 0xa0, 0xa4, 0xff,
  0x38, 0xa0, 0xa4, 0xff, 0x38, 0xa0, 0xa4, 0xff, 0x38, 0xa0, 0xa4, 0xff, 0x38, 0xa0, 0xa4, 0xff,
  0x2c, 0x78, 0x7c, 0xff, 0x2c, 0x78, 0x7c, 0xff, 0x2c, 0x78, 0x7c, 0xff, 0x2c, 0x78, 0x7c, 0xff,
  0x2c, 0x78, 0x7c, 0xff, 0x2c, 0x78, 0x7c, 0xff, 0x2c, 0x78, 0x7c, 0xff, 0x2c, 0x78, 0x7c, 0xff,
  0xe0, 0xae, 0x83, 0xff, 0xe0, 0xae, 0x83, 0xff, 0xe0, 0xae, 0x83, 0xff, 0xe0, 0xae, 0x83, 0xff,
  0xe0, 0xae, 0x83, 0xff, 0xe0, 0xae, 0x83, 0xff, 0xe0, 0xae, 0x83, 0xff, 0xe0, 0xae, 0x83, 0xff,
  0xe0, 0xae, 0x83, 0xff, 0xe0, 0xae, 0x83, 0xff, 0xe0, 0xae, 0x83, 0xff, 0xe0, 0xae, 0x83, 0xff,
  0xe0, 0xae, 0x83, 0xff, 0xe0, 0xae, 0x83, 0xff, 0xe0, 0xae, 0x83, 0xff, 0xe0, 0xae, 0x83, 0xff,
  0x00, 0x00, 0x00, 0x00, 0x00, 0x00, 0x00, 0x00, 0x00, 0x00, 0x00, 0x00, 0x00, 0x00, 0x00, 0x00,
  0x00, 0x00, 0x00, 0x00, 0x00, 0x00, 0x00, 0x00, 0x00, 0x00, 0x00, 0x00, 0x00, 0x00, 0x00, 0x00,
  0x00, 0x00, 0x00, 0x00, 0x00, 0x00, 0x00, 0x00, 0x00, 0x00, 0x00, 0xff, 0x00, 0x00, 0x00, 0xff,
  0x00, 0x00, 0x00, 0xff, 0x00, 0x00, 0x00, 0xff, 0x00, 0x00, 0x00, 0xff, 0x00, 0x00, 0x00, 0xff,
  0x00, 0x00, 0x00, 0x00, 0x00, 0x00, 0x00, 0x00, 0x00, 0x00, 0x00, 0x00, 0x00, 0x00, 0x00, 0xff,
  0x00, 0x00, 0x00, 0xff, 0x00, 0x00, 0x00, 0xff, 0x00, 0x00, 0x00, 0xff, 0x00, 0x00, 0x00, 0xff,
  0x00, 0x00, 0x00, 0xff, 0x00, 0x00, 0x00, 0xff, 0x00, 0x00, 0x00, 0xff, 0x00, 0x00, 0x00, 0xff,
  0x00, 0x00, 0x00, 0xff, 0x00, 0x00, 0x00, 0xff, 0x00, 0x00, 0x00, 0xff, 0x00, 0x00, 0x00, 0x00,
  0x00, 0x00, 0x00, 0x00, 0x00, 0x00, 0x00, 0xff, 0x00, 0x00, 0x00, 0xff, 0x00, 0x00, 0x00, 0xff,
  0x00, 0x00, 0x00, 0xff, 0x00, 0x00, 0x00, 0xff, 0x00, 0x00, 0x00, 0xff, 0x00, 0x00, 0x00, 0xff,
  0x00, 0x00, 0x00, 0xff, 0x00, 0x00, 0x00, 0xff, 0x00, 0x00, 0x00, 0xff, 0x00, 0x00, 0x00, 0x00,
  0x00, 0x00, 0x00, 0x00, 0x00, 0x00, 0x00, 0x00, 0x00, 0x00, 0x00, 0x00, 0x00, 0x00, 0x00, 0x00,
  0x00, 0x00, 0x00, 0x00, 0x00, 0x00, 0x00, 0x00, 0x00, 0x00, 0x00, 0x00, 0x00, 0x00, 0x00, 0x00,
  0x00, 0x00, 0x00, 0x00, 0x00, 0x00, 0x00, 0x00, 0x00, 0x00, 0x00, 0x00, 0x00, 0x00, 0x00, 0x00,
  0x00, 0x00, 0x00, 0x00, 0x00, 0x00, 0x00, 0x00, 0x00, 0x00, 0x00, 0x00, 0x00, 0x00, 0x00, 0x00,
  0x00, 0x00, 0x00, 0x00, 0x00, 0x00, 0x00, 0x00, 0x00, 0x00, 0x00, 0x00, 0x00, 0x00, 0x00, 0x00,
  0x00, 0x00, 0x00, 0x00, 0x00, 0x00, 0x00, 0x00, 0x00, 0x00, 0x00, 0x00, 0x00, 0x00, 0x00, 0x00,
  0x00, 0x00, 0x00, 0x00, 0x00, 0x00, 0x00, 0x00, 0x00, 0x00, 0x00, 0x00, 0x00, 0x00, 0x00, 0x00,
  0x00, 0x00, 0x00, 0x00, 0x00, 0x00, 0x00, 0x00, 0x00, 0x00, 0x00, 0xff, 0x00, 0x00, 0x00, 0xff,
  0x00, 0x00, 0x00, 0xff, 0x00, 0x00, 0x00, 0xff, 0x00, 0x00, 0x00, 0xff, 0x00, 0x00, 0x00, 0xff,
  0x00, 0x00, 0x00, 0x00, 0x00, 0x00, 0x00, 0x00, 0x00, 0x00, 0x00, 0xff, 0x00, 0x00, 0x00, 0xff,
  0x00, 0x00, 0x00, 0xff, 0x00, 0x00, 0x00, 0xff, 0x00, 0x00, 0x00, 0xff, 0x00, 0x00, 0x00, 0xff,
  0x00, 0x00, 0x00, 0xff, 0x00, 0x00, 0x00, 0xff, 0x00, 0x00, 0x00, 0xff, 0x00, 0x00, 0x00, 0xff,
  0x00, 0x00, 0x00, 0xff, 0x00, 0x00, 0x00, 0xff, 0x00, 0x00, 0x00, 0xff, 0x00, 0x00, 0x00, 0xff,
  0x00, 0x00, 0x00, 0xff, 0x00, 0x00, 0x00, 0xff, 0x00, 0x00, 0x00, 0xff, 0x00, 0x00, 0x00, 0xff,
  0x00, 0x00, 0x00, 0xff, 0x00, 0x00, 0x00, 0xff, 0x00, 0x00, 0x00, 0xff, 0x00, 0x00, 0x00, 0xff,
  0x00, 0x00, 0x00, 0xff, 0x00, 0x00, 0x00, 0xff, 0x00, 0x00, 0x00, 0xff, 0x00, 0x00, 0x00, 0xff,
  0x00, 0x00, 0x00, 0x00, 0x00, 0x00, 0x00, 0x00, 0x00, 0x00, 0x00, 0x00, 0x00, 0x00, 0x00, 0x00,
  0x00, 0x00, 0x00, 0x00, 0x00, 0x00, 0x00, 0x00, 0x00, 0x00, 0x00, 0x00, 0x00, 0x00, 0x00, 0x00,
  0x00, 0x00, 0x00, 0x00, 0x00, 0x00, 0x00, 0x00, 0x00, 0x00, 0x00, 0x00, 0x00, 0x00, 0x00, 0x00,
  0x00, 0x00, 0x00, 0x00, 0x00, 0x00, 0x00, 0x00, 0x00, 0x00, 0x00, 0x00, 0x00, 0x00, 0x00, 0x00,
  0x00, 0x00, 0x00, 0x00, 0x00, 0x00, 0x00, 0x00, 0x00, 0x00, 0x00, 0x00, 0x00, 0x00, 0x00, 0x00,
  0x00, 0x00, 0x00, 0x00, 0x00, 0x00, 0x00, 0x00, 0x00, 0x00, 0x00, 0x00, 0x00, 0x00, 0x00, 0x00,
  0x00, 0x00, 0x00, 0x00, 0x00, 0x00, 0x00, 0x00, 0x00, 0x00, 0x00, 0x00, 0x00, 0x00, 0x00, 0x00,
  0x00, 0x00, 0x00, 0xff, 0x00, 0x00, 0x00, 0xff, 0x00, 0x00, 0x00, 0xff, 0x00, 0x00, 0x00, 0xff,
  0x00, 0x00, 0x00, 0xff, 0x00, 0x00, 0x00, 0xff, 0x00, 0x00, 0x00, 0xff, 0x00, 0x00, 0x00, 0xff,
  0x00, 0x00, 0x00, 0xff, 0x00, 0x00, 0x00, 0xff, 0x00, 0x00, 0x00, 0xff, 0x80, 0x00, 0x00, 0xff,
  0xbd, 0x00, 0x00, 0xff, 0x00, 0x00, 0x00, 0xff, 0x00, 0x00, 0x00, 0xff, 0xbd, 0x00, 0x00, 0xff,
  0x80, 0x00, 0x00, 0xff, 0x00, 0x00, 0x00, 0xff, 0x80, 0x00, 0x00, 0xff, 0xe0, 0x00, 0x00, 0xff,
  0x00, 0x00, 0x00, 0xff, 0x00, 0x00, 0x00, 0xff, 0xe0, 0x00, 0x00, 0xff, 0x80, 0x00, 0x00, 0xff,
  0x00, 0x00, 0x00, 0xff, 0x80, 0x00, 0x00, 0xff, 0x80, 0x00, 0x00, 0xff, 0x80, 0x00, 0x00, 0xff,
  0x00, 0x00, 0x00, 0xff, 0x80, 0x00, 0x00, 0xff, 0x00, 0x00, 0x00, 0xff, 0x80, 0x00, 0x00, 0xff,
  0x80, 0x00, 0x00, 0xff, 0x80, 0x00, 0x00, 0xff, 0x00, 0x00, 0x00, 0xff, 0x80, 0x00, 0x00, 0xff,
  0x00, 0x00, 0x00, 0x00, 0x00, 0x00, 0x00, 0x00, 0x00, 0x00, 0x00, 0x00, 0x00, 0x00, 0x00, 0x00,
  0x00, 0x00, 0x00, 0x00, 0x00, 0x00, 0x00, 0x00, 0x00, 0x00, 0x00, 0x00, 0x00, 0x00, 0x00, 0x00,
  0x00, 0x00, 0x00, 0x00, 0x00, 0x00, 0x00, 0x00, 0x00, 0x00, 0x00, 0x00, 0x00, 0x00, 0x00, 0x00,
  0x00, 0x00, 0x00, 0x00, 0x00, 0x00, 0x00, 0x00, 0x00, 0x00, 0x00, 0x00, 0x00, 0x00, 0x00, 0x00,
  0x00, 0x00, 0x00, 0x00, 0x00, 0x00, 0x00, 0x00, 0x00, 0x00, 0x00, 0x00, 0x00, 0x00, 0x00, 0x00,
  0x00, 0x00, 0x00, 0x00, 0x00, 0x00, 0x00, 0x00, 0x00, 0x00, 0x00, 0x00, 0x00, 0x00, 0x00, 0x00,
  0x00, 0x00, 0x00, 0x00, 0x00, 0x00, 0x00, 0x00, 0x00, 0x00, 0x00, 0x00, 0x00, 0x00, 0x00, 0x00,
  0x00, 0x00, 0x00, 0xff, 0x00, 0x00, 0x00, 0xff, 0x00, 0x00, 0x00, 0xff, 0x00, 0x00, 0x00, 0xff,
  0x00, 0x00, 0x00, 0xff, 0x00, 0x00, 0x00, 0xff, 0x00, 0x00, 0x00, 0xff, 0x40, 0x00, 0x00, 0xff,
  0x40, 0x00, 0x00, 0xff, 0x40, 0x00, 0x00, 0xff, 0x00, 0x00, 0x00, 0xff, 0x00, 0x00, 0x00, 0xff,
  0x00, 0x00, 0x00, 0xff, 0x00, 0x00, 0x00, 0xff, 0x00, 0x00, 0x00, 0xff, 0x00, 0x00, 0x00, 0xff,
  0x00, 0x00, 0x00, 0xff, 0x00, 0x00, 0x00, 0xff, 0x00, 0x00, 0x00, 0xff, 0x00, 0x00, 0x00, 0xff,
  0x00, 0x00, 0x00, 0xff, 0x00, 0x00, 0x00, 0xff, 0x00, 0x00, 0x00, 0xff, 0x00, 0x00, 0x00, 0xff,
  0x00, 0x00, 0x00, 0x00, 0x00, 0x00, 0x00, 0x00, 0x00, 0x00, 0x00, 0x00, 0x00, 0x00, 0x00, 0x00,
  0x00, 0x00, 0x00, 0x00, 0x00, 0x00, 0x00, 0x00, 0x00, 0x00, 0x00, 0x00, 0x00, 0x00, 0x00, 0x00,
  0x00, 0x00, 0x00, 0x00, 0x00, 0x00, 0x00, 0x00, 0x00, 0x00, 0x00, 0x00, 0x00, 0x00, 0x00, 0x00,
  0x00, 0x00, 0x00, 0x00, 0x00, 0x00, 0x00, 0x00, 0x00, 0x00, 0x00, 0x00, 0x00, 0x00, 0x00, 0x00,
  0x00, 0x00, 0x00, 0x00, 0x00, 0x00, 0x00, 0x00, 0x00, 0x00, 0x00, 0x00, 0x00, 0x00, 0x00, 0x00,
  0x00, 0x00, 0x00, 0x00, 0x00, 0x00, 0x00, 0x00, 0x00, 0x00, 0x00, 0x00, 0x00, 0x00, 0x00, 0x00,
  0x00, 0x00, 0x00, 0x00, 0x00, 0x00, 0x00, 0x00, 0x00, 0x00, 0x00, 0x00, 0x00, 0x00, 0x00, 0x00,
  0x00, 0x00, 0x00, 0x00, 0x00, 0x00, 0x00, 0x00, 0x00, 0x00, 0x00, 0x00, 0x00, 0x00, 0x00, 0x00,
  0x00, 0x00, 0x00, 0x00, 0x00, 0x00, 0x00, 0x00, 0x00, 0x00, 0x00, 0x00, 0x00, 0x00, 0x00, 0x00,
  0x00, 0x00, 0x00, 0x00, 0x00, 0x00, 0x00, 0x00, 0x00, 0x00, 0x00, 0x00, 0x00, 0x00, 0x00, 0x00,
  0x00, 0x00, 0x00, 0xff, 0x00, 0x00, 0x00, 0xff, 0x00, 0x00, 0x00, 0xff, 0x00, 0x00, 0x00, 0xff,
  0x00, 0x00, 0x00, 0xff, 0x00, 0x00, 0x00, 0xff, 0x00, 0x00, 0x00, 0xff, 0x00, 0x00, 0x00, 0xff,
  0x00, 0x00, 0x00, 0xff, 0x00, 0x00, 0x00, 0xff, 0x00, 0x00, 0x00, 0x00, 0x00, 0x00, 0x00, 0x00,
  0x00, 0x00, 0x00, 0x00, 0x00, 0x00, 0x00, 0x00, 0x00, 0x00, 0x00, 0x00, 0x00, 0x00, 0x00, 0x00,
  0x00, 0x00, 0x00, 0x00, 0x00, 0x00, 0x00, 0x00, 0x00, 0x00, 0x00, 0x00, 0x00, 0x00, 0x00, 0x00,
  0x00, 0x00, 0x00, 0x00, 0x00, 0x00, 0x00, 0x00, 0x00, 0x00, 0x00, 0x00, 0x00, 0x00, 0x00, 0x00,
  0x00, 0x00, 0x00, 0x00, 0x00, 0x00, 0x00, 0x00, 0x00, 0x00, 0x00, 0x00, 0x00, 0x00, 0x00, 0x00,
  0x00, 0x00, 0x00, 0x00, 0x00, 0x00, 0x00, 0x00, 0x00, 0x00, 0x00, 0x00, 0x00, 0x00, 0x00, 0x00,
  0x00, 0x00, 0x00, 0x00, 0x00, 0x00, 0x00, 0x00, 0x00, 0x00, 0x00, 0x00, 0x00, 0x00, 0x00, 0x00,
  0x00, 0x00, 0x00, 0x00, 0x00, 0x00, 0x00, 0x00, 0x00, 0x00, 0x00, 0x00, 0x00, 0x00, 0x00, 0x00,
  0x00, 0x00, 0x00, 0x00, 0x00, 0x00, 0x00, 0x00, 0x00, 0x00, 0x00, 0x00, 0x00, 0x00, 0x00, 0x00,
  0x00, 0x00, 0x00, 0x00, 0x00, 0x00, 0x00, 0x00, 0x00, 0x00, 0x00, 0x00, 0x00, 0x00, 0x00, 0x00,
  0x00, 0x00, 0x00, 0x00, 0x00, 0x00, 0x00, 0x00, 0x00, 0x00, 0x00, 0x00, 0x00, 0x00, 0x00, 0x00,
  0x00, 0x00, 0x00, 0x00, 0x00, 0x00, 0x00, 0x00, 0x00, 0x00, 0x00, 0x00, 0x00, 0x00, 0x00, 0x00,
  0x00, 0x00, 0x00, 0x00, 0x00, 0x00, 0x00, 0x00, 0x00, 0x00, 0x00, 0x00, 0x00, 0x00, 0x00, 0x00,
  0x00, 0x00, 0x00, 0x00, 0x00, 0x00, 0x00, 0x00, 0x00, 0x00, 0x00, 0x00, 0x00, 0x00, 0x00, 0x00,
  0x00, 0x00, 0x00, 0x00, 0x00, 0x00, 0x00, 0x00, 0x00, 0x00, 0x00, 0x00, 0x00, 0x00, 0x00, 0x00,
  0x00, 0x00, 0x00, 0x00, 0x00, 0x00, 0x00, 0x00, 0x00, 0x00, 0x00, 0x00, 0x00, 0x00, 0x00, 0x00,
  0x00, 0x00, 0x00, 0x00, 0x00, 0x00, 0x00, 0x00, 0x00, 0x00, 0x00, 0x00, 0x00, 0x00, 0x00, 0x00,
  0x00, 0x00, 0x00, 0x00, 0x00, 0x00, 0x00, 0x00, 0x00, 0x00, 0x00, 0x00, 0x00, 0x00, 0x00, 0x00,
  0x00, 0x00, 0x00, 0x00, 0x00, 0x00, 0x00, 0x00, 0x00, 0x00, 0x00, 0x00, 0x00, 0x00, 0x00, 0x00,
  0x00, 0x00, 0x00, 0x00, 0x00, 0x00, 0x00, 0x00, 0x00, 0x00, 0x00, 0x00, 0x00, 0x00, 0x00, 0x00,
  0x00, 0x00, 0x00, 0x00, 0x00, 0x00, 0x00, 0x00, 0x00, 0x00, 0x00, 0x00, 0x00, 0x00, 0x00, 0x00,
  0x00, 0x00, 0x00, 0x00, 0x00, 0x00, 0x00, 0x00, 0x00, 0x00, 0x00, 0x00, 0x00, 0x00, 0x00, 0x00,
  0x00, 0x00, 0x00, 0x00, 0x00, 0x00, 0x00, 0x00, 0x00, 0x00, 0x00, 0x00, 0x00, 0x00, 0x00, 0x00,
  0x00, 0x00, 0x00, 0x00, 0x00, 0x00, 0x00, 0x00, 0x00, 0x00, 0x00, 0x00, 0x00, 0x00, 0x00, 0x00,
  0x00, 0x00, 0x00, 0x00, 0x00, 0x00, 0x00, 0x00, 0x00, 0x00, 0x00, 0x00, 0x00, 0x00, 0x00, 0x00,
  0x00, 0x00, 0x00, 0x00, 0x00, 0x00, 0x00, 0x00, 0x00, 0x00, 0x00, 0x00, 0x00, 0x00, 0x00, 0x00,
  0x00, 0x00, 0x00, 0x00, 0x00, 0x00, 0x00, 0x00, 0x00, 0x00, 0x00, 0x00, 0x00, 0x00, 0x00, 0x00,
  0x00, 0x00, 0x00, 0x00, 0x00, 0x00, 0x00, 0x00, 0x00, 0x00, 0x00, 0x00, 0x00, 0x00, 0x00, 0x00,
  0x00, 0x00, 0x00, 0x00, 0x00, 0x00, 0x00, 0x00, 0x00, 0x00, 0x00, 0x00, 0x00, 0x00, 0x00, 0x00,
  0x00, 0x00, 0x00, 0x00, 0x00, 0x00, 0x00, 0x00, 0x00, 0x00, 0x00, 0x00, 0x00, 0x00, 0x00, 0x00,
  0x00, 0x00, 0x00, 0x00, 0x00, 0x00, 0x00, 0xff, 0x00, 0x00, 0x00, 0xff, 0xff, 0x00, 0x00, 0xff,
  0xff, 0x00, 0x00, 0xff, 0x00, 0x00, 0x00, 0x00, 0x00, 0x00, 0x00, 0x00, 0x00, 0x00, 0x00, 0xff,
  0x00, 0x00, 0x00, 0xff, 0xf4, 0x00, 0x00, 0xff, 0xf4, 0x00, 0x00, 0xff, 0x00, 0x00, 0x00, 0x00,
  0x00, 0x00, 0x00, 0x00, 0x00, 0x00, 0x00, 0xff, 0x00, 0x00, 0x00, 0xff, 0xea, 0x00, 0x00, 0xff,
  0xea, 0x00, 0x00, 0xff, 0x00, 0x00, 0x00, 0x00, 0x00, 0x00, 0x00, 0x00, 0x00, 0x00, 0x00, 0xff,
  0x00, 0x00, 0x00, 0xff, 0xff, 0x00, 0x00, 0xff, 0xff, 0x00, 0x00, 0xff, 0x00, 0x00, 0x00, 0x00,
  0x00, 0x00, 0x00, 0x00, 0x00, 0x00, 0x00, 0x00, 0x00, 0x00, 0x00, 0x00, 0x00, 0x00, 0x00, 0x00,
  0x00, 0x00, 0x00, 0x00, 0x00, 0x00, 0x00, 0x00, 0x00, 0x00, 0x00, 0x00, 0x00, 0x00, 0x00, 0x00,
  0x00, 0x00, 0x00, 0x00, 0x00, 0x00, 0x00, 0x00, 0x00, 0x00, 0x00, 0x00, 0x00, 0x00, 0x00, 0x00,
  0x00, 0x00, 0x00, 0x00, 0x00, 0x00, 0x00, 0x00, 0x00, 0x00, 0x00, 0x00, 0x00, 0x00, 0x00, 0x00,
  0x00, 0x00, 0x00, 0x00, 0x00, 0x00, 0x00, 0x00, 0x00, 0x00, 0x00, 0x00, 0x00, 0x00, 0x00, 0x00,
  0x00, 0x00, 0x00, 0x00, 0x00, 0x00, 0x00, 0x00, 0x00, 0x00, 0x00, 0x00, 0x00, 0x00, 0x00, 0x00,
  0x00, 0x00, 0x00, 0x00, 0x00, 0x00, 0x00, 0x00, 0x00, 0x00, 0x00, 0x00, 0x00, 0x00, 0x00, 0x00,
  0x00, 0x00, 0x00, 0x00, 0x00, 0x00, 0x00, 0x00, 0x00, 0x00, 0x00, 0x00, 0x00, 0x00, 0x00, 0x00,
  0x00, 0x00, 0x00, 0x00, 0x00, 0x00, 0x00, 0x00, 0x00, 0x00, 0x00, 0x00, 0x00, 0x00, 0x00, 0x00,
  0x00, 0x00, 0x00, 0x00, 0x00, 0x00, 0x00, 0x00, 0x00, 0x00, 0x00, 0x00, 0x00, 0x00, 0x00, 0x00,
  0x00, 0x00, 0x00, 0xff, 0x00, 0x00, 0x00, 0xff, 0x00, 0x00, 0x00, 0xff, 0x00, 0x00, 0x00, 0xff,
  0x00, 0x00, 0x00, 0xff, 0x00, 0x00, 0x00, 0xff, 0x00, 0x00, 0x00, 0xff, 0x00, 0x00, 0x00, 0xff,
  0x00, 0x00, 0x00, 0xff, 0x00, 0x00, 0x00, 0xff, 0x00, 0x00, 0x00, 0xff, 0x00, 0x00, 0x00, 0xff,
  0x00, 0x00, 0x00, 0xff, 0x00, 0x00, 0x00, 0xff, 0x00, 0x00, 0x00, 0xff, 0x00, 0x00, 0x00, 0xff,
  0x00, 0x00, 0x00, 0xff, 0x00, 0x00, 0x00, 0xff, 0x00, 0x00, 0x00, 0xff, 0x00, 0x00, 0x00, 0xff,
  0x00, 0x00, 0x00, 0xff, 0x00, 0x00, 0x00, 0xff, 0x00, 0x00, 0x00, 0xff, 0x00, 0x00, 0x00, 0xff,
  0x00, 0x00, 0x00, 0x00, 0x00, 0x00, 0x00, 0x00, 0x00, 0x00, 0x00, 0x00, 0x00, 0x00, 0x00, 0x00,
  0x00, 0x00, 0x00, 0x00, 0x00, 0x00, 0x00, 0x00, 0x00, 0x00, 0x00, 0x00, 0x00, 0x00, 0x00, 0x00,
  0x00, 0x00, 0x00, 0x00, 0x00, 0x00, 0x00, 0x00, 0x00, 0x00, 0x00, 0x00, 0x00, 0x00, 0x00, 0x00,
  0x00, 0x00, 0x00, 0x00, 0x00, 0x00, 0x00, 0x00, 0x00, 0x00, 0x00, 0x00, 0x00, 0x00, 0x00, 0x00,
  0x00, 0x00, 0x00, 0x00, 0x00, 0x00, 0x00, 0x00, 0x00, 0x00, 0x00, 0x00, 0x00, 0x00, 0x00, 0x00,
  0x00, 0x00, 0x00, 0x00, 0x00, 0x00, 0x00, 0x00, 0x00, 0x00, 0x00, 0x00, 0x00, 0x00, 0x00, 0x00,
  0x00, 0x00, 0x00, 0x00, 0x00, 0x00, 0x00, 0x00, 0x00, 0x00, 0x00, 0x00, 0x00, 0x00, 0x00, 0x00,
  0x00, 0x00, 0x00, 0x00, 0x00, 0x00, 0x00, 0x00, 0x00, 0x00, 0x00, 0x00, 0x00, 0x00, 0x00, 0x00,
  0x00, 0x00, 0x00, 0x00, 0x00, 0x00, 0x00, 0x00, 0x00, 0x00, 0x00, 0x00, 0x00, 0x00, 0x00, 0x00,
  0x00, 0x00, 0x00, 0x00, 0x00, 0x00, 0x00, 0x00, 0x00, 0x00, 0x00, 0x00, 0x00, 0x00, 0x00, 0x00,
  0x00, 0x00, 0x00, 0xff, 0xaa, 0x00, 0x00, 0xff, 0xb2, 0x00, 0x00, 0xff, 0x00, 0x00, 0x00, 0xff,
  0xbc, 0x00, 0x00, 0xff, 0xc9, 0x00, 0x00, 0xff, 0x00, 0x00, 0x00, 0xff, 0xaa, 0x00, 0x00, 0xff,
  0xb2, 0x00, 0x00, 0xff, 0x00, 0x00, 0x00, 0xff, 0xbc, 0x00, 0x00, 0xff, 0xc9, 0x00, 0x00, 0xff,
  0x00, 0x00, 0x00, 0xff, 0xaa, 0x00, 0x00, 0xff, 0xb2, 0x00, 0x00, 0xff, 0x00, 0x00, 0x00, 0xff,
  0xbc, 0x00, 0x00, 0xff, 0xc9, 0x00, 0x00, 0xff, 0x00, 0x00, 0x00, 0xff, 0xb0, 0x00, 0x00, 0xff,
  0xb7, 0x00, 0x00, 0xff, 0x00, 0x00, 0x00, 0xff, 0xc5, 0x00, 0x00, 0xff, 0xd0, 0x00, 0x00, 0xff,
  0x00, 0x00, 0x00, 0x00, 0x00, 0x00, 0x00, 0x00, 0x00, 0x00, 0x00, 0x00, 0x00, 0x00, 0x00, 0x00,
  0x00, 0x00, 0x00, 0x00, 0x00, 0x00, 0x00, 0x00, 0x00, 0x00, 0x00, 0x00, 0x00, 0x00, 0x00, 0x00,
  0x00, 0x00, 0x00, 0x00, 0x00, 0x00, 0x00, 0x00, 0x00, 0x00, 0x00, 0x00, 0x00, 0x00, 0x00, 0x00,
  0x00, 0x00, 0x00, 0x00, 0x00, 0x00, 0x00, 0x00, 0x00, 0x00, 0x00, 0x00, 0x00, 0x00, 0x00, 0x00,
  0x00, 0x00, 0x00, 0x00, 0x00, 0x00, 0x00, 0x00, 0x00, 0x00, 0x00, 0x00, 0x00, 0x00, 0x00, 0x00,
  0x00, 0x00, 0x00, 0x00, 0x00, 0x00, 0x00, 0x00, 0x00, 0x00, 0x00, 0x00, 0x00, 0x00, 0x00, 0x00,
  0x00, 0x00, 0x00, 0x00, 0x00, 0x00, 0x00, 0x00, 0x00, 0x00, 0x00, 0x00, 0x00, 0x00, 0x00, 0x00,
  0x00, 0x00, 0x00, 0x00, 0x00, 0x00, 0x00, 0x00, 0x00, 0x00, 0x00, 0x00, 0x00, 0x00, 0x00, 0x00,
  0x00, 0x00, 0x00, 0x00, 0x00, 0x00, 0x00, 0x00, 0x00, 0x00, 0x00, 0x00, 0x00, 0x00, 0x00, 0x00,
  0x00, 0x00, 0x00, 0x00, 0x00, 0x00, 0x00, 0x00, 0x00, 0x00, 0x00, 0x00, 0x00, 0x00, 0x00, 0x00,
  0x00, 0x00, 0x00, 0xff, 0xc4, 0x00, 0x00, 0xff, 0xc8, 0x00, 0x00, 0xff, 0x00, 0x00, 0x00, 0xff,
  0xdf, 0x00, 0x00, 0xff, 0xe5, 0x00, 0x00, 0xff, 0x00, 0x00, 0x00, 0xff, 0xc4, 0x00, 0x00, 0xff,
  0xc8, 0x00, 0x00, 0xff, 0x00, 0x00, 0x00, 0xff, 0xdf, 0x00, 0x00, 0xff, 0xe5, 0x00, 0x00, 0xff,
  0x00, 0x00, 0x00, 0xff, 0xc4, 0x00, 0x00, 0xff, 0xc8, 0x00, 0x00, 0xff, 0x00, 0x00, 0x00, 0xff,
  0xdf, 0x00, 0x00, 0xff, 0xe5, 0x00, 0x00, 0xff, 0x00, 0x00, 0x00, 0xff, 0xb8, 0x00, 0x00, 0xff,
  0xbe, 0x00, 0x00, 0xff, 0x00, 0x00, 0x00, 0xff, 0xce, 0x00, 0x00, 0xff, 0xd8, 0x00, 0x00, 0xff,
  0x00, 0x00, 0x00, 0x00, 0x00, 0x00, 0x00, 0x00, 0x00, 0x00, 0x00, 0x00, 0x00, 0x00, 0x00, 0x00,
  0x00, 0x00, 0x00, 0x00, 0x00, 0x00, 0x00, 0x00, 0x00, 0x00, 0x00, 0x00, 0x00, 0x00, 0x00, 0x00,
  0x00, 0x00, 0x00, 0x00, 0x00, 0x00, 0x00, 0x00, 0x00, 0x00, 0x00, 0x00, 0x00, 0x00, 0x00, 0x00,
  0x00, 0x00, 0x00, 0x00, 0x00, 0x00, 0x00, 0x00, 0x00, 0x00, 0x00, 0x00, 0x00, 0x00, 0x00, 0x00,
  0x00, 0x00, 0x00, 0x00, 0x00, 0x00, 0x00, 0x00, 0x00, 0x00, 0x00, 0x00, 0x00, 0x00, 0x00, 0x00,
  0x00, 0x00, 0x00, 0x00, 0x00, 0x00, 0x00, 0x00, 0x00, 0x00, 0x00, 0x00, 0x00, 0x00, 0x00, 0x00,
  0x00, 0x00, 0x00, 0x00, 0x00, 0x00, 0x00, 0x00, 0x00, 0x00, 0x00, 0x00, 0x00, 0x00, 0x00, 0x00,
  0x00, 0x00, 0x00, 0x00, 0x00, 0x00, 0x00, 0x00, 0x00, 0x00, 0x00, 0x00, 0x00, 0x00, 0x00, 0x00,
  0x00, 0x00, 0x00, 0x00, 0x00, 0x00, 0x00, 0x00, 0x00, 0x00, 0x00, 0x00, 0x00, 0x00, 0x00, 0x00,
  0x00, 0x00, 0x00, 0x00, 0x00, 0x00, 0x00, 0x00, 0x00, 0x00, 0x00, 0x00, 0x00, 0x00, 0x00, 0x00,
  0x00, 0x00, 0x00, 0xff, 0xbf, 0x00, 0x00, 0xff, 0xc4, 0x00, 0x00, 0xff, 0x00, 0x00, 0x00, 0xff,
  0xd8, 0x00, 0x00, 0xff, 0xe0, 0x00, 0x00, 0xff, 0x00, 0x00, 0x00, 0xff, 0xbf, 0x00, 0x00, 0xff,
  0xc4, 0x00, 0x00, 0xff, 0x00, 0x00, 0x00, 0xff, 0xd8, 0x00, 0x00, 0xff, 0xe0, 0x00, 0x00, 0xff,
  0x00, 0x00, 0x00, 0xff, 0xbf, 0x00, 0x00, 0xff, 0xc4, 0x00, 0x00, 0xff, 0x00, 0x00, 0x00, 0xff,
  0xd8, 0x00, 0x00, 0xff, 0xe0, 0x00, 0x00, 0xff, 0x00, 0x00, 0x00, 0xff, 0xd8, 0x00, 0x00, 0xff,
  0xff, 0x00, 0x00, 0xff, 0x00, 0x00, 0x00, 0xff, 0xd8, 0x00, 0x00, 0xff, 0xff, 0x00, 0x00, 0xff,
  0x00, 0x00, 0x00, 0x00, 0x00, 0x00, 0x00, 0x00, 0x00, 0x00, 0x00, 0x00, 0x00, 0x00, 0x00, 0x00,
  0x00, 0x00, 0x00, 0x00, 0x00, 0x00, 0x00, 0x00, 0x00, 0x00, 0x00, 0x00, 0x00, 0x00, 0x00, 0x00,
  0x00, 0x00, 0x00, 0x00, 0x00, 0x00, 0x00, 0x00, 0x00, 0x00, 0x00, 0x00, 0x00, 0x00, 0x00, 0x00,
  0x00, 0x00, 0x00, 0x00, 0x00, 0x00, 0x00, 0x00, 0x00, 0x00, 0x00, 0x00, 0x00, 0x00, 0x00, 0x00,
  0x00, 0x00, 0x00, 0x00, 0x00, 0x00, 0x00, 0x00, 0x00, 0x00, 0x00, 0x00, 0x00, 0x00, 0x00, 0x00,
  0x00, 0x00, 0x00, 0x00, 0x00, 0x00, 0x00, 0x00, 0x00, 0x00, 0x00, 0x00, 0x00, 0x00, 0x00, 0x00,
  0x00, 0x00, 0x00, 0x00, 0x00, 0x00, 0x00, 0x00, 0x00, 0x00, 0x00, 0x00, 0x00, 0x00, 0x00, 0x00,
  0x00, 0x00, 0x00, 0x00, 0x00, 0x00, 0x00, 0x00, 0x00, 0x00, 0x00, 0x00, 0x00, 0x00, 0x00, 0x00,
  0x00, 0x00, 0x00, 0x00, 0x00, 0x00, 0x00, 0x00, 0x00, 0x00, 0x00, 0x00, 0x00, 0x00, 0x00, 0x00,
  0x00, 0x00, 0x00, 0x00, 0x00, 0x00, 0x00, 0x00, 0x00, 0x00, 0x00, 0x00, 0x00, 0x00, 0x00, 0x00,
  0x00, 0x00, 0x00, 0xff, 0xff, 0x00, 0x00, 0xff, 0xd8, 0x00, 0x00, 0xff, 0x00, 0x00, 0x00, 0xff,
  0xff, 0x00, 0x00, 0xff, 0xd8, 0x00, 0x00, 0xff, 0x00, 0x00, 0x00, 0xff, 0xf4, 0x00, 0x00, 0xff,
  0xcf, 0x00, 0x00, 0xff, 0x00, 0x00, 0x00, 0xff, 0xf4, 0x00, 0x00, 0xff, 0xcf, 0x00, 0x00, 0xff,
  0x00, 0x00, 0x00, 0xff, 0xea, 0x00, 0x00, 0xff, 0xc6, 0x00, 0x00, 0xff, 0x00, 0x00, 0x00, 0xff,
  0xea, 0x00, 0x00, 0xff, 0xc6, 0x00, 0x00, 0xff, 0x00, 0x00, 0x00, 0xff, 0xff, 0x00, 0x00, 0xff,
  0xd8, 0x00, 0x00, 0xff, 0x00, 0x00, 0x00, 0xff, 0xff, 0x00, 0x00, 0xff, 0xd8, 0x00, 0x00, 0xff,
  0x00, 0x00, 0x00, 0x00, 0x00, 0x00, 0x00, 0x00, 0x00, 0x00, 0x00, 0x00, 0x00, 0x00, 0x00, 0x00,
  0x00, 0x00, 0x00, 0x00, 0x00, 0x00, 0x00, 0x00, 0x00, 0x00, 0x00, 0x00, 0x00, 0x00, 0x00, 0x00,
  0x00, 0x00, 0x00, 0x00, 0x00, 0x00, 0x00, 0x00, 0x00, 0x00, 0x00, 0x00, 0x00, 0x00, 0x00, 0x00,
  0x00, 0x00, 0x00, 0x00, 0x00, 0x00, 0x00, 0x00, 0x00, 0x00, 0x00, 0x00, 0x00, 0x00, 0x00, 0x00,
  0x00, 0x00, 0x00, 0x00, 0x00, 0x00, 0x00, 0x00, 0x00, 0x00, 0x00, 0x00, 0x00, 0x00, 0x00, 0x00,
  0x00, 0x00, 0x00, 0x00, 0x00, 0x00, 0x00, 0x00, 0x00, 0x00, 0x00, 0x00, 0x00, 0x00, 0x00, 0x00,
  0x00, 0x00, 0x00, 0x00, 0x00, 0x00, 0x00, 0x00, 0x00, 0x00, 0x00, 0x00, 0x00, 0x00, 0x00, 0x00,
  0x00, 0x00, 0x00, 0x00, 0x00, 0x00, 0x00, 0x00, 0x00, 0x00, 0x00, 0x00, 0x00, 0x00, 0x00, 0x00,
  0x00, 0x00, 0x00, 0x00, 0x00, 0x00, 0x00, 0x00, 0x00, 0x00, 0x00, 0x00, 0x00, 0x00, 0x00, 0x00,
  0x00, 0x00, 0x00, 0x00, 0x00, 0x00, 0x00, 0x00, 0x00, 0x00, 0x00, 0x00, 0x00, 0x00, 0x00, 0x00,
  0x00, 0x00, 0x00, 0xff, 0xd8, 0x00, 0x00, 0xff, 0xff, 0x00, 0x00, 0xff, 0x00, 0x00, 0x00, 0xff,
  0xd8, 0x00, 0x00, 0xff, 0xff, 0x00, 0x00, 0xff, 0x00, 0x00, 0x00, 0xff, 0xcf, 0x00, 0x00, 0xff,
  0xf4, 0x00, 0x00, 0xff, 0x00, 0x00, 0x00, 0xff, 0xcf, 0x00, 0x00, 0xff, 0xf4, 0x00, 0x00, 0xff,
  0x00, 0x00, 0x00, 0xff, 0xc6, 0x00, 0x00, 0xff, 0xea, 0x00, 0x00, 0xff, 0x00, 0x00, 0x00, 0xff,
  0xc6, 0x00, 0x00, 0xff, 0xea, 0x00, 0x00, 0xff, 0x00, 0x00, 0x00, 0x00, 0x00, 0x00, 0x00, 0x00,
  0x00, 0x00, 0x00, 0x00, 0x00, 0x00, 0x00, 0x00, 0x00, 0x00, 0x00, 0x00, 0x00, 0x00, 0x00, 0x00,
  0x00, 0x00, 0x00, 0x00, 0x00, 0x00, 0x00, 0x00, 0x00, 0x00, 0x00, 0x00, 0x00, 0x00, 0x00, 0x00,
  0x00, 0x00, 0x00, 0x00, 0x00, 0x00, 0x00, 0x00, 0x00, 0x00, 0x00, 0x00, 0x00, 0x00, 0x00, 0x00,
  0x00, 0x00, 0x00, 0x00, 0x00, 0x00, 0x00, 0x00, 0x00, 0x00, 0x00, 0x00, 0x00, 0x00, 0x00, 0x00,
  0x00, 0x00, 0x00, 0x00, 0x00, 0x00, 0x00, 0x00, 0x00, 0x00, 0x00, 0x00, 0x00, 0x00, 0x00, 0x00,
  0x00, 0x00, 0x00, 0x00, 0x00, 0x00, 0x00, 0x00, 0x00, 0x00, 0x00, 0x00, 0x00, 0x00, 0x00, 0x00,
  0x00, 0x00, 0x00, 0x00, 0x00, 0x00, 0x00, 0x00, 0x00, 0x00, 0x00, 0x00, 0x00, 0x00, 0x00, 0x00,
  0x00, 0x00, 0x00, 0x00, 0x00, 0x00, 0x00, 0x00, 0x00, 0x00, 0x00, 0x00, 0x00, 0x00, 0x00, 0x00,
  0x00, 0x00, 0x00, 0x00, 0x00, 0x00, 0x00, 0x00, 0x00, 0x00, 0x00, 0x00, 0x00, 0x00, 0x00, 0x00,
  0x00, 0x00, 0x00, 0x00, 0x00, 0x00, 0x00, 0x00, 0x00, 0x00, 0x00, 0x00, 0x00, 0x00, 0x00, 0x00,
  0x00, 0x00, 0x00, 0x00, 0x00, 0x00, 0x00, 0x00, 0x00, 0x00, 0x00, 0x00, 0x00, 0x00, 0x00, 0x00,
  0x00, 0x00, 0x00, 0x00, 0x00, 0x00, 0x00, 0x00, 0x00, 0x00, 0x00, 0x00, 0x00, 0x00, 0x00, 0x00,
  0x00, 0x00, 0x00, 0x00, 0x00, 0x00, 0x00, 0x00, 0x00, 0x00, 0x00, 0x00, 0x00, 0x00, 0x00, 0x00,
  0x00, 0x00, 0x00, 0x00, 0x00, 0x00, 0x00, 0x00, 0x00, 0x00, 0x00, 0x00, 0x00, 0x00, 0x00, 0x00,
  0x00, 0x00, 0x00, 0x00, 0x00, 0x00, 0x00, 0x00, 0x00, 0x00, 0x00, 0x00, 0x00, 0x00, 0x00, 0x00,
  0x00, 0x00, 0x00, 0x00, 0x00, 0x00, 0x00, 0x00, 0x00, 0x00, 0x00, 0x00, 0x00, 0x00, 0x00, 0x00,
  0x00, 0x00, 0x00, 0x00, 0x00, 0x00, 0x00, 0x00, 0x00, 0x00, 0x00, 0x00, 0x00, 0x00, 0x00, 0x00,
  0x00, 0x00, 0x00, 0x00, 0x00, 0x00, 0x00, 0x00, 0x00, 0x00, 0x00, 0x00, 0x00, 0x00, 0x00, 0x00,
  0x00, 0x00, 0x00, 0x00, 0x00, 0x00, 0x00, 0x00, 0x00, 0x00, 0x00, 0x00, 0x00, 0x00, 0x00, 0x00,
  0x00, 0x00, 0x00, 0x00, 0x00, 0x00, 0x00, 0x00, 0x00, 0x00, 0x00, 0x00, 0x00, 0x00, 0x00, 0x00,
  0x00, 0x00, 0x00, 0x00, 0x00, 0x00, 0x00, 0x00, 0x00, 0x00, 0x00, 0x00, 0x00, 0x00, 0x00, 0x00,
  0x00, 0x00, 0x00, 0x00, 0x00, 0x00, 0x00, 0x00, 0x00, 0x00, 0x00, 0x00, 0x00, 0x00, 0x00, 0x00,
  0x00, 0x00, 0x00, 0x00, 0x00, 0x00, 0x00, 0x00, 0x00, 0x00, 0x00, 0x00, 0x00, 0x00, 0x00, 0x00,
  0x00, 0x00, 0x00, 0x00, 0x00, 0x00, 0x00, 0x00, 0x00, 0x00, 0x00, 0x00, 0x00, 0x00, 0x00, 0x00,
  0x00, 0x00, 0x00, 0x00, 0x00, 0x00, 0x00, 0x00, 0x00, 0x00, 0x00, 0x00, 0x00, 0x00, 0x00, 0x00,
  0x00, 0x00, 0x00, 0x00, 0x00, 0x00, 0x00, 0x00, 0x00, 0x00, 0x00, 0x00, 0x00, 0x00, 0x00, 0x00,
  0x00, 0x00, 0x00, 0x00, 0x00, 0x00, 0x00, 0x00, 0x00, 0x00, 0x00, 0x00, 0x00, 0x00, 0x00, 0x00,
  0x00, 0x00, 0x00, 0x00, 0x00, 0x00, 0x00, 0x00, 0x00, 0x00, 0x00, 0x00, 0x00, 0x00, 0x00, 0x00,
  0x00, 0x00, 0x00, 0x00, 0x00, 0x00, 0x00, 0x00, 0x00, 0x00, 0x00, 0x00, 0x00, 0x00, 0x00, 0x00,
  0x00, 0x00, 0x00, 0x00, 0x00, 0x00, 0x00, 0x00, 0x00, 0x00, 0x00, 0x00, 0x00, 0x00, 0x00, 0x00,
  0x00, 0x00, 0x00, 0x00, 0x00, 0x00, 0x00, 0x00, 0x00, 0x00, 0x00, 0x00, 0x00, 0x00, 0x00, 0x00,
  0x00, 0x00, 0x00, 0x00, 0x00, 0x00, 0x00, 0x00, 0x00, 0x00, 0x00, 0x00, 0x00, 0x00, 0x00, 0x00,
  0x00, 0x00, 0x00, 0x00, 0x00, 0x00, 0x00, 0x00, 0x00, 0x00, 0x00, 0x00, 0x00, 0x00, 0x00, 0x00,
  0x00, 0x00, 0x00, 0x00, 0x00, 0x00, 0x00, 0x00, 0x00, 0x00, 0x00, 0x00, 0x00, 0x00, 0x00, 0x00,
  0x00, 0x00, 0x00, 0x00, 0x00, 0x00, 0x00, 0x00, 0x00, 0x00, 0x00, 0x00, 0x00, 0x00, 0x00, 0x00,
  0x00, 0x00, 0x00, 0x00, 0x00, 0x00, 0x00, 0x00, 0x00, 0x00, 0x00, 0x00, 0x00, 0x00, 0x00, 0x00,
  0x00, 0x00, 0x00, 0x00, 0x00, 0x00, 0x00, 0x00, 0x00, 0x00, 0x00, 0x00, 0x00, 0x00, 0x00, 0x00,
  0x00, 0x00, 0x00, 0x00, 0x00, 0x00, 0x00, 0x00, 0x00, 0x00, 0x00, 0x00, 0x00, 0x00, 0x00, 0x00,
  0x00, 0x00, 0x00, 0x00, 0x00, 0x00, 0x00, 0x00, 0x00, 0x00, 0x00, 0x00, 0x00, 0x00, 0x00, 0x00,
  0x00, 0x00, 0x00, 0x00, 0x00, 0x00, 0x00, 0x00, 0x00, 0x00, 0x00, 0x00, 0x00, 0x00, 0x00, 0x00,
  0x00, 0x00, 0x00, 0x00, 0x00, 0x00, 0x00, 0x00, 0x00, 0x00, 0x00, 0x00, 0x00, 0x00, 0x00, 0x00,
  0x00, 0x00, 0x00, 0x00, 0x00, 0x00, 0x00, 0x00, 0x00, 0x00, 0x00, 0x00, 0x00, 0x00, 0x00, 0x00,
  0x00, 0x00, 0x00, 0x00, 0x00, 0x00, 0x00, 0x00, 0x00, 0x00, 0x00, 0x00, 0x00, 0x00, 0x00, 0x00,
  0x00, 0x00, 0x00, 0x00, 0x00, 0x00, 0x00, 0x00, 0x00, 0x00, 0x00, 0x00, 0x00, 0x00, 0x00, 0x00,
  0x00, 0x00, 0x00, 0x00, 0x00, 0x00, 0x00, 0x00, 0x00, 0x00, 0x00, 0x00, 0x00, 0x00, 0x00, 0x00,
  0x00, 0x00, 0x00, 0x00, 0x00, 0x00, 0x00, 0x00, 0x00, 0x00, 0x00, 0x00, 0x00, 0x00, 0x00, 0x00,
  0x00, 0x00, 0x00, 0x00, 0x00, 0x00, 0x00, 0x00, 0x00, 0x00, 0x00, 0x00, 0x00, 0x00, 0x00, 0x00,
  0x00, 0x00, 0x00, 0x00, 0x00, 0x00, 0x00, 0x00, 0x00, 0x00, 0x00, 0x00, 0x00, 0x00, 0x00, 0x00,
  0x00, 0x00, 0x00, 0x00, 0x00, 0x00, 0x00, 0x00, 0x00, 0x00, 0x00, 0x00, 0x00, 0x00, 0x00, 0x00,
  0x00, 0x00, 0x00, 0x00, 0x00, 0x00, 0x00, 0x00, 0x00, 0x00, 0x00, 0x00, 0x00, 0x00, 0x00, 0x00,
  0x00, 0x00, 0x00, 0x00, 0x00, 0x00, 0x00, 0x00, 0x00, 0x00, 0x00, 0x00, 0x00, 0x00, 0x00, 0x00,
  0x00, 0x00, 0x00, 0x00, 0x00, 0x00, 0x00, 0x00, 0x00, 0x00, 0x00, 0x00, 0x00, 0x00, 0x00, 0x00,
  0x00, 0x00, 0x00, 0x00, 0x00, 0x00, 0x00, 0x00, 0x00, 0x00, 0x00, 0x00, 0x00, 0x00, 0x00, 0x00,
  0x00, 0x00, 0x00, 0x00, 0x00, 0x00, 0x00, 0x00, 0x00, 0x00, 0x00, 0x00, 0x00, 0x00, 0x00, 0x00,
  0x00, 0x00, 0x00, 0x00, 0x00, 0x00, 0x00, 0x00, 0x00, 0x00, 0x00, 0x00, 0x00, 0x00, 0x00, 0x00,
  0x00, 0x00, 0x00, 0x00, 0x00, 0x00, 0x00, 0x00, 0x00, 0x00, 0x00, 0x00, 0x00, 0x00, 0x00, 0x00,
  0x00, 0x00, 0x00, 0x00, 0x00, 0x00, 0x00, 0x00, 0x00, 0x00, 0x00, 0x00, 0x00, 0x00, 0x00, 0x00,
  0x00, 0x00, 0x00, 0x00, 0x00, 0x00, 0x00, 0x00, 0x00, 0x00, 0x00, 0x00, 0x00, 0x00, 0x00, 0x00,
  0x00, 0x00, 0x00, 0x00, 0x00, 0x00, 0x00, 0x00, 0x00, 0x00, 0x00, 0x00, 0x00, 0x00, 0x00, 0x00,
  0x00, 0x00, 0x00, 0x00, 0x00, 0x00, 0x00, 0x00, 0x00, 0x00, 0x00, 0x00, 0x00, 0x00, 0x00, 0x00,
  0x00, 0x00, 0x00, 0x00, 0x00, 0x00, 0x00, 0x00, 0x00, 0x00, 0x00, 0x00, 0x00, 0x00, 0x00, 0x00,
  0x00, 0x00, 0x00, 0x00, 0x00, 0x00, 0x00, 0x00, 0x00, 0x00, 0x00, 0x00, 0x00, 0x00, 0x00, 0x00,
  0x00, 0x00, 0x00, 0x00, 0x00, 0x00, 0x00, 0x00, 0x00, 0x00, 0x00, 0x00, 0x00, 0x00, 0x00, 0x00,
  0x00, 0x00, 0x00, 0x00, 0x00, 0x00, 0x00, 0x00, 0x00, 0x00, 0x00, 0x00, 0x00, 0x00, 0x00, 0x00,
  0x46, 0x46, 0x94, 0xff, 0x46, 0x46, 0x94, 0xff, 0x46, 0x46, 0x94, 0xff, 0x46, 0x46, 0x94, 0xff,
  0x46, 0x46, 0x94, 0xff, 0x46, 0x46, 0x94, 0xff, 0x46, 0x46, 0x94, 0xff, 0x46, 0x46, 0x94, 0xff,
  0x00, 0x00, 0x00, 0x00, 0x00, 0x00, 0x00, 0x00, 0x00, 0x00, 0x00, 0x00, 0x00, 0x00, 0x00, 0x00,
  0x00, 0x00, 0x00, 0x00, 0x00, 0x00, 0x00, 0x00, 0x00, 0x00, 0x00, 0x00, 0x00, 0x00, 0x00, 0x00,
  0x38, 0xa0, 0xa4, 0xff, 0x38, 0xa0, 0xa4, 0xff, 0x38, 0xa0, 0xa4, 0xff, 0x38, 0xa0, 0xa4, 0xff,
  0x38, 0xa0, 0xa4, 0xff, 0x38, 0xa0, 0xa4, 0xff, 0x38, 0xa0, 0xa4, 0xff, 0x38, 0xa0, 0xa4, 0xff,
  0x00, 0x00, 0x00, 0x00, 0x00, 0x00, 0x00, 0x00, 0x00, 0x00, 0x00, 0x00, 0x00, 0x00, 0x00, 0x00,
  0x00, 0x00, 0x00, 0x00, 0x00, 0x00, 0x00, 0x00, 0x00, 0x00, 0x00, 0x00, 0x00, 0x00, 0x00, 0x00,
  0x00, 0x00, 0x00, 0x00, 0x00, 0x00, 0x00, 0x00, 0x00, 0x00, 0x00, 0x00, 0x00, 0x00, 0x00, 0x00,
  0x00, 0x00, 0x00, 0x00, 0x00, 0x00, 0x00, 0x00, 0x00, 0x00, 0x00, 0x00, 0x00, 0x00, 0x00, 0x00,
  0x00, 0x00, 0x00, 0x00, 0x00, 0x00, 0x00, 0x00, 0x00, 0x00, 0x00, 0x00, 0x00, 0x00, 0x00, 0x00,
  0x00, 0x00, 0x00, 0x00, 0x00, 0x00, 0x00, 0x00, 0x00, 0x00, 0x00, 0x00, 0x00, 0x00, 0x00, 0x00,
  0x00, 0x00, 0x00, 0x00, 0x00, 0x00, 0x00, 0x00, 0x00, 0x00, 0x00, 0x00, 0x00, 0x00, 0x00, 0x00,
  0x00, 0x00, 0x00, 0x00, 0x00, 0x00, 0x00, 0x00, 0x00, 0x00, 0x00, 0x00, 0x00, 0x00, 0x00, 0x00,
  0x00, 0x00, 0x00, 0x00, 0x00, 0x00, 0x00, 0x00, 0x00, 0x00, 0x00, 0x00, 0x00, 0x00, 0x00, 0x00,
  0x00, 0x00, 0x00, 0x00, 0x00, 0x00, 0x00, 0x00, 0x00, 0x00, 0x00, 0x00, 0x00, 0x00, 0x00, 0x00,
  0x46, 0x46, 0x94, 0xff, 0x46, 0x46, 0x94, 0xff, 0x46, 0x46, 0x94, 0xff, 0x46, 0x46, 0x94, 0xff,
  0x46, 0x46, 0x94, 0xff, 0x46, 0x46, 0x94, 0xff, 0x46, 0x46, 0x94, 0xff, 0x46, 0x46, 0x94, 0xff,
  0x00, 0x00, 0x00, 0x00, 0x00, 0x00, 0x00, 0x00, 0x00, 0x00, 0x00, 0x00, 0x00, 0x00, 0x00, 0x00,
  0x00, 0x00, 0x00, 0x00, 0x00, 0x00, 0x00, 0x00, 0x00, 0x00, 0x00, 0x00, 0x00, 0x00, 0x00, 0x00,
  0x38, 0xa0, 0xa4, 0xff, 0x38, 0xa0, 0xa4, 0xff, 0x38, 0xa0, 0xa4, 0xff, 0x38, 0xa0, 0xa4, 0xff,
  0x38, 0xa0, 0xa4, 0xff, 0x38, 0xa0, 0xa4, 0xff, 0x38, 0xa0, 0xa4, 0xff, 0x38, 0xa0, 0xa4, 0xff,
  0x00, 0x00, 0x00, 0x00, 0x00, 0x00, 0x00, 0x00, 0x00, 0x00, 0x00, 0x00, 0x00, 0x00, 0x00, 0x00,
  0x00, 0x00, 0x00, 0x00, 0x00, 0x00, 0x00, 0x00, 0x00, 0x00, 0x00, 0x00, 0x00, 0x00, 0x00, 0x00,
  0x00, 0x00, 0x00, 0x00, 0x00, 0x00, 0x00, 0x00, 0x00, 0x00, 0x00, 0x00, 0x00, 0x00, 0x00, 0x00,
  0x00, 0x00, 0x00, 0x00, 0x00, 0x00, 0x00, 0x00, 0x00, 0x00, 0x00, 0x00, 0x00, 0x00, 0x00, 0x00,
  0x00, 0x00, 0x00, 0x00, 0x00, 0x00, 0x00, 0x00, 0x00, 0x00, 0x00, 0x00, 0x00, 0x00, 0x00, 0x00,
  0x00, 0x00, 0x00, 0x00, 0x00, 0x00, 0x00, 0x00, 0x00, 0x00, 0x00, 0x00, 0x00, 0x00, 0x00, 0x00,
  0x00, 0x00, 0x00, 0x00, 0x00, 0x00, 0x00, 0x00, 0x00, 0x00, 0x00, 0x00, 0x00, 0x00, 0x00, 0x00,
  0x00, 0x00, 0x00, 0x00, 0x00, 0x00, 0x00, 0x00, 0x00, 0x00, 0x00, 0x00, 0x00, 0x00, 0x00, 0x00,
  0x00, 0x00, 0x00, 0x00, 0x00, 0x00, 0x00, 0x00, 0x00, 0x00, 0x00, 0x00, 0x00, 0x00, 0x00, 0x00,
  0x00, 0x00, 0x00, 0x00, 0x00, 0x00, 0x00, 0x00, 0x00, 0x00, 0x00, 0x00, 0x00, 0x00, 0x00, 0x00,
  0x46, 0x46, 0x94, 0xff, 0x46, 0x46, 0x94, 0xff, 0x46, 0x46, 0x94, 0xff, 0x46, 0x46, 0x94, 0xff,
  0x46, 0x46, 0x94, 0xff, 0x46, 0x46, 0x94, 0xff, 0x46, 0x46, 0x94, 0xff, 0x46, 0x46, 0x94, 0xff,
  0x00, 0x00, 0x00, 0x00, 0x00, 0x00, 0x00, 0x00, 0x00, 0x00, 0x00, 0x00, 0x00, 0x00, 0x00, 0x00,
  0x00, 0x00, 0x00, 0x00, 0x00, 0x00, 0x00, 0x00, 0x00, 0x00, 0x00, 0x00, 0x00, 0x00, 0x00, 0x00,
  0x38, 0xa0, 0xa4, 0xff, 0x38, 0xa0, 0xa4, 0xff, 0x38, 0xa0, 0xa4, 0xff, 0x38, 0xa0, 0xa4, 0xff,
  0x38, 0xa0, 0xa4, 0xff, 0x38, 0xa0, 0xa4, 0xff, 0x38, 0xa0, 0xa4, 0xff, 0x38, 0xa0, 0xa4, 0xff,
  0x00, 0x00, 0x00, 0x00, 0x00, 0x00, 0x00, 0x00, 0x00, 0x00, 0x00, 0x00, 0x00, 0x00, 0x00, 0x00,
  0x00, 0x00, 0x00, 0x00, 0x00, 0x00, 0x00, 0x00, 0x00, 0x00, 0x00, 0x00, 0x00, 0x00, 0x00, 0x00,
  0x00, 0x00, 0x00, 0x00, 0x00, 0x00, 0x00, 0x00, 0x00, 0x00, 0x00, 0x00, 0x00, 0x00, 0x00, 0x00,
  0x00, 0x00, 0x00, 0x00, 0x00, 0x00, 0x00, 0x00, 0x00, 0x00, 0x00, 0x00, 0x00, 0x00, 0x00, 0x00,
  0x00, 0x00, 0x00, 0x00, 0x00, 0x00, 0x00, 0x00, 0x00, 0x00, 0x00, 0x00, 0x00, 0x00, 0x00, 0x00,
  0x00, 0x00, 0x00, 0x00, 0x00, 0x00, 0x00, 0x00, 0x00, 0x00, 0x00, 0x00, 0x00, 0x00, 0x00, 0x00,
  0x00, 0x00, 0x00, 0x00, 0x00, 0x00, 0x00, 0x00, 0x00, 0x00, 0x00, 0x00, 0x00, 0x00, 0x00, 0x00,
  0x00, 0x00, 0x00, 0x00, 0x00, 0x00, 0x00, 0x00, 0x00, 0x00, 0x00, 0x00, 0x00, 0x00, 0x00, 0x00,
  0x00, 0x00, 0x00, 0x00, 0x00, 0x00, 0x00, 0x00, 0x00, 0x00, 0x00, 0x00, 0x00, 0x00, 0x00, 0x00,
  0x00, 0x00, 0x00, 0x00, 0x00, 0x00, 0x00, 0x00, 0x00, 0x00, 0x00, 0x00, 0x00, 0x00, 0x00, 0x00,
  0x46, 0x46, 0x94, 0xff, 0x46, 0x46, 0x94, 0xff, 0x46, 0x46, 0x94, 0xff, 0x46, 0x46, 0x94, 0xff,
  0x46, 0x46, 0x94, 0xff, 0x46, 0x46, 0x94, 0xff, 0x46, 0x46, 0x94, 0xff, 0x46, 0x46, 0x94, 0xff,
  0x00, 0x00, 0x00, 0x00, 0x00, 0x00, 0x00, 0x00, 0x00, 0x00, 0x00, 0x00, 0x00, 0x00, 0x00, 0x00,
  0x00, 0x00, 0x00, 0x00, 0x00, 0x00, 0x00, 0x00, 0x00, 0x00, 0x00, 0x00, 0x00, 0x00, 0x00, 0x00,
  0x38, 0xa0, 0xa4, 0xff, 0x38, 0xa0, 0xa4, 0xff, 0x38, 0xa0, 0xa4, 0xff, 0x38, 0xa0, 0xa4, 0xff,
  0x38, 0xa0, 0xa4, 0xff, 0x38, 0xa0, 0xa4, 0xff, 0x38, 0xa0, 0xa4, 0xff, 0x38, 0xa0, 0xa4, 0xff,
  0x00, 0x00, 0x00, 0x00, 0x00, 0x00, 0x00, 0x00, 0x00, 0x00, 0x00, 0x00, 0x00, 0x00, 0x00, 0x00,
  0x00, 0x00, 0x00, 0x00, 0x00, 0x00, 0x00, 0x00, 0x00, 0x00, 0x00, 0x00, 0x00, 0x00, 0x00, 0x00,
  0x00, 0x00, 0x00, 0x00, 0x00, 0x00, 0x00, 0x00, 0x00, 0x00, 0x00, 0x00, 0x00, 0x00, 0x00, 0x00,
  0x00, 0x00, 0x00, 0x00, 0x00, 0x00, 0x00, 0x00, 0x00, 0x00, 0x00, 0x00, 0x00, 0x00, 0x00, 0x00,
  0x00, 0x00, 0x00, 0x00, 0x00, 0x00, 0x00, 0x00, 0x00, 0x00, 0x00, 0x00, 0x00, 0x00, 0x00, 0x00,
  0x00, 0x00, 0x00, 0x00, 0x00, 0x00, 0x00, 0x00, 0x00, 0x00, 0x00, 0x00, 0x00, 0x00, 0x00, 0x00,
  0x00, 0x00, 0x00, 0x00, 0x00, 0x00, 0x00, 0x00, 0x00, 0x00, 0x00, 0x00, 0x00, 0x00, 0x00, 0x00,
  0x00, 0x00, 0x00, 0x00, 0x00, 0x00, 0x00, 0x00, 0x00, 0x00, 0x00, 0x00, 0x00, 0x00, 0x00, 0x00,
  0x00, 0x00, 0x00, 0x00, 0x00, 0x00, 0x00, 0x00, 0x00, 0x00, 0x00, 0x00, 0x00, 0x00, 0x00, 0x00,
  0x46, 0x46, 0x94, 0xff, 0x46, 0x46, 0x94, 0xff, 0x46, 0x46, 0x94, 0xff, 0x46, 0x46, 0x94, 0xff,
  0x46, 0x46, 0x94, 0xff, 0x46, 0x46, 0x94, 0xff, 0x46, 0x46, 0x94, 0xff, 0x46, 0x46, 0x94, 0xff,
  0x46, 0x46, 0x94, 0xff, 0x46, 0x46, 0x94, 0xff, 0x46, 0x46, 0x94, 0xff, 0x46, 0x46, 0x94, 0xff,
  0x46, 0x46, 0x94, 0xff, 0x46, 0x46, 0x94, 0xff, 0x46, 0x46, 0x94, 0xff, 0x46, 0x46, 0x94, 0xff,
  0x38, 0xa0, 0xa4, 0xff, 0x38, 0xa0, 0xa4, 0xff, 0x38, 0xa0, 0xa4, 0xff, 0x38, 0xa0, 0xa4, 0xff,
  0x38, 0xa0, 0xa4, 0xff, 0x38, 0xa0, 0xa4, 0xff, 0x38, 0xa0, 0xa4, 0xff, 0x38, 0xa0, 0xa4, 0xff,
  0x38, 0xa0, 0xa4, 0xff, 0x38, 0xa0, 0xa4, 0xff, 0x38, 0xa0, 0xa4, 0xff, 0x38, 0xa0, 0xa4, 0xff,
  0x38, 0xa0, 0xa4, 0xff, 0x38, 0xa0, 0xa4, 0xff, 0x38, 0xa0, 0xa4, 0xff, 0x38, 0xa0, 0xa4, 0xff,
  0x00, 0x00, 0x00, 0x00, 0x00, 0x00, 0x00, 0x00, 0x00, 0x00, 0x00, 0x00, 0x00, 0x00, 0x00, 0x00,
  0x00, 0x00, 0x00, 0x00, 0x00, 0x00, 0x00, 0x00, 0x00, 0x00, 0x00, 0x00, 0x00, 0x00, 0x00, 0x00,
  0x00, 0x00, 0x00, 0x00, 0x00, 0x00, 0x00, 0x00, 0x00, 0x00, 0x00, 0x00, 0x00, 0x00, 0x00, 0x00,
  0x00, 0x00, 0x00, 0x00, 0x00, 0x00, 0x00, 0x00, 0x00, 0x00, 0x00, 0x00, 0x00, 0x00, 0x00, 0x00,
  0x00, 0x00, 0x00, 0x00, 0x00, 0x00, 0x00, 0x00, 0x00, 0x00, 0x00, 0x00, 0x00, 0x00, 0x00, 0x00,
  0x00, 0x00, 0x00, 0x00, 0x00, 0x00, 0x00, 0x00, 0x00, 0x00, 0x00, 0x00, 0x00, 0x00, 0x00, 0x00,
  0x00, 0x00, 0x00, 0x00, 0x00, 0x00, 0x00, 0x00, 0x00, 0x00, 0x00, 0x00, 0x00, 0x00, 0x00, 0x00,
  0x00, 0x00, 0x00, 0x00, 0x00, 0x00, 0x00, 0x00, 0x00, 0x00, 0x00, 0x00, 0x00, 0x00, 0x00, 0x00,
  0x46, 0x46, 0x94, 0xff, 0x46, 0x46, 0x94, 0xff, 0x46, 0x46, 0x94, 0xff, 0x46, 0x46, 0x94, 0xff,
  0x46, 0x46, 0x94, 0xff, 0x46, 0x46, 0x94, 0xff, 0x46, 0x46, 0x94, 0xff, 0x46, 0x46, 0x94, 0xff,
  0x46, 0x46, 0x94, 0xff, 0x46, 0x46, 0x94, 0xff, 0x46, 0x46, 0x94, 0xff, 0x46, 0x46, 0x94, 0xff,
  0x46, 0x46, 0x94, 0xff, 0x46, 0x46, 0x94, 0xff, 0x46, 0x46, 0x94, 0xff, 0x46, 0x46, 0x94, 0xff,
  0x38, 0xa0, 0xa4, 0xff, 0x38, 0xa0, 0xa4, 0xff, 0x38, 0xa0, 0xa4, 0xff, 0x38, 0xa0, 0xa4, 0xff,
  0x38, 0xa0, 0xa4, 0xff, 0x38, 0xa0, 0xa4, 0xff, 0x38, 0xa0, 0xa4, 0xff, 0x38, 0xa0, 0xa4, 0xff,
  0x38, 0xa0, 0xa4, 0xff, 0x38, 0xa0, 0xa4, 0xff, 0x38, 0xa0, 0xa4, 0xff, 0x38, 0xa0, 0xa4, 0xff,
  0x38, 0xa0, 0xa4, 0xff, 0x38, 0xa0, 0xa4, 0xff, 0x38, 0xa0, 0xa4, 0xff, 0x38, 0xa0, 0xa4, 0xff,
  0x00, 0x00, 0x00, 0x00, 0x00, 0x00, 0x00, 0x00, 0x00, 0x00, 0x00, 0x00, 0x00, 0x00, 0x00, 0x00,
  0x00, 0x00, 0x00, 0x00, 0x00, 0x00, 0x00, 0x00, 0x00, 0x00, 0x00, 0x00, 0x00, 0x00, 0x00, 0x00,
  0x00, 0x00, 0x00, 0x00, 0x00, 0x00, 0x00, 0x00, 0x00, 0x00, 0x00, 0x00, 0x00, 0x00, 0x00, 0x00,
  0x00, 0x00, 0x00, 0x00, 0x00, 0x00, 0x00, 0x00, 0x00, 0x00, 0x00, 0x00, 0x00, 0x00, 0x00, 0x00,
  0x00, 0x00, 0x00, 0x00, 0x00, 0x00, 0x00, 0x00, 0x00, 0x00, 0x00, 0x00, 0x00, 0x00, 0x00, 0x00,
  0x00, 0x00, 0x00, 0x00, 0x00, 0x00, 0x00, 0x00, 0x00, 0x00, 0x00, 0x00, 0x00, 0x00, 0x00, 0x00,
  0x00, 0x00, 0x00, 0x00, 0x00, 0x00, 0x00, 0x00, 0x00, 0x00, 0x00, 0x00, 0x00, 0x00, 0x00, 0x00,
  0x00, 0x00, 0x00, 0x00, 0x00, 0x00, 0x00, 0x00, 0x00, 0x00, 0x00, 0x00, 0x00, 0x00, 0x00, 0x00,
  0x46, 0x46, 0x94, 0xff, 0x46, 0x46, 0x94, 0xff, 0x46, 0x46, 0x94, 0xff, 0x46, 0x46, 0x94, 0xff,
  0x46, 0x46, 0x94, 0xff, 0x46, 0x46, 0x94, 0xff, 0x46, 0x46, 0x94, 0xff, 0x46, 0x46, 0x94, 0xff,
  0x46, 0x46, 0x94, 0xff, 0x46, 0x46, 0x94, 0xff, 0x46, 0x46, 0x94, 0xff, 0x46, 0x46, 0x94, 0xff,
  0x46, 0x46, 0x94, 0xff, 0x46, 0x46, 0x94, 0xff, 0x46, 0x46, 0x94, 0xff, 0x46, 0x46, 0x94, 0xff,
  0x38, 0xa0, 0xa4, 0xff, 0x38, 0xa0, 0xa4, 0xff, 0x38, 0xa0, 0xa4, 0xff, 0x38, 0xa0, 0xa4, 0xff,
  0x38, 0xa0, 0xa4, 0xff, 0x38, 0xa0, 0xa4, 0xff, 0x38, 0xa0, 0xa4, 0xff, 0x38, 0xa0, 0xa4, 0xff,
  0x38, 0xa0, 0xa4, 0xff, 0x38, 0xa0, 0xa4, 0xff, 0x38, 0xa0, 0xa4, 0xff, 0x38, 0xa0, 0xa4, 0xff,
  0x38, 0xa0, 0xa4, 0xff, 0x38, 0xa0, 0xa4, 0xff, 0x38, 0xa0, 0xa4, 0xff, 0x38, 0xa0, 0xa4, 0xff,
  0x00, 0x00, 0x00, 0x00, 0x00, 0x00, 0x00, 0x00, 0x00, 0x00, 0x00, 0x00, 0x00, 0x00, 0x00, 0x00,
  0x00, 0x00, 0x00, 0x00, 0x00, 0x00, 0x00, 0x00, 0x00, 0x00, 0x00, 0x00, 0x00, 0x00, 0x00, 0x00,
  0x00, 0x00, 0x00, 0x00, 0x00, 0x00, 0x00, 0x00, 0x00, 0x00, 0x00, 0x00, 0x00, 0x00, 0x00, 0x00,
  0x00, 0x00, 0x00, 0x00, 0x00, 0x00, 0x00, 0x00, 0x00, 0x00, 0x00, 0x00, 0x00, 0x00, 0x00, 0x00,
  0x00, 0x00, 0x00, 0x00, 0x00, 0x00, 0x00, 0x00, 0x00, 0x00, 0x00, 0x00, 0x00, 0x00, 0x00, 0x00,
  0x00, 0x00, 0x00, 0x00, 0x00, 0x00, 0x00, 0x00, 0x00, 0x00, 0x00, 0x00, 0x00, 0x00, 0x00, 0x00,
  0x00, 0x00, 0x00, 0x00, 0x00, 0x00, 0x00, 0x00, 0x00, 0x00, 0x00, 0x00, 0x00, 0x00, 0x00, 0x00,
  0x00, 0x00, 0x00, 0x00, 0x00, 0x00, 0x00, 0x00, 0x00, 0x00, 0x00, 0x00, 0x00, 0x00, 0x00, 0x00,
  0x46, 0x46, 0x94, 0xff, 0x46, 0x46, 0x94, 0xff, 0x46, 0x46, 0x94, 0xff, 0x46, 0x46, 0x94, 0xff,
  0x46, 0x46, 0x94, 0xff, 0x46, 0x46, 0x94, 0xff, 0x46, 0x46, 0x94, 0xff, 0x46, 0x46, 0x94, 0xff,
  0x46, 0x46, 0x94, 0xff, 0x46, 0x46, 0x94, 0xff, 0x46, 0x46, 0x94, 0xff, 0x46, 0x46, 0x94, 0xff,
  0x46, 0x46, 0x94, 0xff, 0x46, 0x46, 0x94, 0xff, 0x46, 0x46, 0x94, 0xff, 0x46, 0x46, 0x94, 0xff,
  0x38, 0xa0, 0xa4, 0xff, 0x38, 0xa0, 0xa4, 0xff, 0x38, 0xa0, 0xa4, 0xff, 0x38, 0xa0, 0xa4, 0xff,
  0x38, 0xa0, 0xa4, 0xff, 0x38, 0xa0, 0xa4, 0xff, 0x38, 0xa0, 0xa4, 0xff, 0x38, 0xa0, 0xa4, 0xff,
  0x38, 0xa0, 0xa4, 0xff, 0x38, 0xa0, 0xa4, 0xff, 0x38, 0xa0, 0xa4, 0xff, 0x38, 0xa0, 0xa4, 0xff,
  0x38, 0xa0, 0xa4, 0xff, 0x38, 0xa0, 0xa4, 0xff, 0x38, 0xa0, 0xa4, 0xff, 0x38, 0xa0, 0xa4, 0xff,
  0x00, 0x00, 0x00, 0x00, 0x00, 0x00, 0x00, 0x00, 0x00, 0x00, 0x00, 0x00, 0x00, 0x00, 0x00, 0x00,
  0x00, 0x00, 0x00, 0x00, 0x00, 0x00, 0x00, 0x00, 0x00, 0x00, 0x00, 0x00, 0x00, 0x00, 0x00, 0x00,
  0x00, 0x00, 0x00, 0x00, 0x00, 0x00, 0x00, 0x00, 0x00, 0x00, 0x00, 0x00, 0x00, 0x00, 0x00, 0x00,
  0x00, 0x00, 0x00, 0x00, 0x00, 0x00, 0x00, 0x00, 0x00, 0x00, 0x00, 0x00, 0x00, 0x00, 0x00, 0x00,
  0x00, 0x00, 0x00, 0x00, 0x00, 0x00, 0x00, 0x00, 0x00, 0x00, 0x00, 0x00, 0x00, 0x00, 0x00, 0x00,
  0x00, 0x00, 0x00, 0x00, 0x00, 0x00, 0x00, 0x00, 0x00, 0x00, 0x00, 0x00, 0x00, 0x00, 0x00, 0x00,
  0x00, 0x00, 0x00, 0x00, 0x00, 0x00, 0x00, 0x00, 0x00, 0x00, 0x00, 0x00, 0x00, 0x00, 0x00, 0x00,
  0x00, 0x00, 0x00, 0x00, 0x00, 0x00, 0x00, 0x00, 0x00, 0x00, 0x00, 0x00, 0x00, 0x00, 0x00, 0x00,
  0x46, 0x46, 0x94, 0xff, 0x46, 0x46, 0x94, 0xff, 0x46, 0x46, 0x94, 0xff, 0x46, 0x46, 0x94, 0xff,
  0x46, 0x46, 0x94, 0xff, 0x46, 0x46, 0x94, 0xff, 0x46, 0x46, 0x94, 0xff, 0x46, 0x46, 0x94, 0xff,
  0x46, 0x46, 0x94, 0xff, 0x46, 0x46, 0x94, 0xff, 0x46, 0x46, 0x94, 0xff, 0x46, 0x46, 0x94, 0xff,
  0x46, 0x46, 0x94, 0xff, 0x46, 0x46, 0x94, 0xff, 0x46, 0x46, 0x94, 0xff, 0x46, 0x46, 0x94, 0xff,
  0xe0, 0xae, 0x83, 0xff, 0xe0, 0xae, 0x83, 0xff, 0xe0, 0xae, 0x83, 0xff, 0xe0, 0xae, 0x83, 0xff,
  0xe0, 0xae, 0x83, 0xff, 0xe0, 0xae, 0x83, 0xff, 0xe0, 0xae, 0x83, 0xff, 0xe0, 0xae, 0x83, 0xff,
  0xe0, 0xae, 0x83, 0xff, 0xe0, 0xae, 0x83, 0xff, 0xe0, 0xae, 0x83, 0xff, 0xe0, 0xae, 0x83, 0xff,
  0xe0, 0xae, 0x83, 0xff, 0xe0, 0xae, 0x83, 0xff, 0xe0, 0xae, 0x83, 0xff, 0xe0, 0xae, 0x83, 0xff,
  0x00, 0x00, 0x00, 0x00, 0x00, 0x00, 0x00, 0x00, 0x00, 0x00, 0x00, 0x00, 0x00, 0x00, 0x00, 0x00,
  0x00, 0x00, 0x00, 0x00, 0x00, 0x00, 0x00, 0x00, 0x00, 0x00, 0x00, 0x00, 0x00, 0x00, 0x00, 0x00,
  0x00, 0x00, 0x00, 0x00, 0x00, 0x00, 0x00, 0x00, 0x00, 0x00, 0x00, 0x00, 0x00, 0x00, 0x00, 0x00,
  0x00, 0x00, 0x00, 0x00, 0x00, 0x00, 0x00, 0x00, 0x00, 0x00, 0x00, 0x00, 0x00, 0x00, 0x00, 0x00,
  0x00, 0x00, 0x00, 0x00, 0x00, 0x00, 0x00, 0x00, 0x00, 0x00, 0x00, 0x00, 0x00, 0x00, 0x00, 0x00,
  0x00, 0x00, 0x00, 0x00, 0x00, 0x00, 0x00, 0x00, 0x00, 0x00, 0x00, 0x00, 0x00, 0x00, 0x00, 0x00,
  0x00, 0x00, 0x00, 0x00, 0x00, 0x00, 0x00, 0x00, 0x00, 0x00, 0x00, 0x00, 0x00, 0x00, 0x00, 0x00,
  0x00, 0x00, 0x00, 0x00, 0x00, 0x00, 0x00, 0x00, 0x00, 0x00, 0x00, 0x00, 0x00, 0x00, 0x00, 0x00,
  0x46, 0x46, 0x94, 0xff, 0x46, 0x46, 0x94, 0xff, 0x46, 0x46, 0x94, 0xff, 0x46, 0x46, 0x94, 0xff,
  0x46, 0x46, 0x94, 0xff, 0x46, 0x46, 0x94, 0xff, 0x46, 0x46, 0x94, 0xff, 0x46, 0x46, 0x94, 0xff,
  0x46, 0x46, 0x94, 0xff, 0x46, 0x46, 0x94, 0xff, 0x46, 0x46, 0x94, 0xff, 0x46, 0x46, 0x94, 0xff,
  0x46, 0x46, 0x94, 0xff, 0x46, 0x46, 0x94, 0xff, 0x46, 0x46, 0x94, 0xff, 0x46, 0x46, 0x94, 0xff,
  0xe0, 0xae, 0x83, 0xff, 0xe0, 0xae, 0x83, 0xff, 0xe0, 0xae, 0x83, 0xff, 0xe0, 0xae, 0x83, 0xff,
  0xe0, 0xae, 0x83, 0xff, 0xe0, 0xae, 0x83, 0xff, 0xe0, 0xae, 0x83, 0xff, 0xe0, 0xae, 0x83, 0xff,
  0xe0, 0xae, 0x83, 0xff, 0xe0, 0xae, 0x83, 0xff, 0xe0, 0xae, 0x83, 0xff, 0xe0, 0xae, 0x83, 0xff,
  0xe0, 0xae, 0x83, 0xff, 0xe0, 0xae, 0x83, 0xff, 0xe0, 0xae, 0x83, 0xff, 0xe0, 0xae, 0x83, 0xff,
  0x00, 0x00, 0x00, 0x00, 0x00, 0x00, 0x00, 0x00, 0x00, 0x00, 0x00, 0x00, 0x00, 0x00, 0x00, 0x00,
  0x00, 0x00, 0x00, 0x00, 0x00, 0x00, 0x00, 0x00, 0x00, 0x00, 0x00, 0x00, 0x00, 0x00, 0x00, 0x00,
  0x00, 0x00, 0x00, 0x00, 0x00, 0x00, 0x00, 0x00, 0x00, 0x00, 0x00, 0x00, 0x00, 0x00, 0x00, 0x00,
  0x00, 0x00, 0x00, 0x00, 0x00, 0x00, 0x00, 0x00, 0x00, 0x00, 0x00, 0x00, 0x00, 0x00, 0x00, 0x00,
  0x00, 0x00, 0x00, 0x00, 0x00, 0x00, 0x00, 0x00, 0x00, 0x00, 0x00, 0x00, 0x00, 0x00, 0x00, 0x00,
  0x00, 0x00, 0x00, 0x00, 0x00, 0x00, 0x00, 0x00, 0x00, 0x00, 0x00, 0x00, 0x00, 0x00, 0x00, 0x00,
  0x00, 0x00, 0x00, 0x00, 0x00, 0x00, 0x00, 0x00, 0x00, 0x00, 0x00, 0x00, 0x00, 0x00, 0x00, 0x00,
  0x00, 0x00, 0x00, 0x00, 0x00, 0x00, 0x00, 0x00, 0x00, 0x00, 0x00, 0x00, 0x00, 0x00, 0x00, 0x00,
  0x46, 0x46, 0x94, 0xff, 0x46, 0x46, 0x94, 0xff, 0x46, 0x46, 0x94, 0xff, 0x46, 0x46, 0x94, 0xff,
  0x46, 0x46, 0x94, 0xff, 0x46, 0x46, 0x94, 0xff, 0x46, 0x46, 0x94, 0xff, 0x46, 0x46, 0x94, 0xff,
  0x46, 0x46, 0x94, 0xff, 0x46, 0x46, 0x94, 0xff, 0x46, 0x46, 0x94, 0xff, 0x46, 0x46, 0x94, 0xff,
  0x46, 0x46, 0x94, 0xff, 0x46, 0x46, 0x94, 0xff, 0x46, 0x46, 0x94, 0xff, 0x46, 0x46, 0x94, 0xff,
  0xe0, 0xae, 0x83, 0xff, 0xe0, 0xae, 0x83, 0xff, 0xe0, 0xae, 0x83, 0xff, 0xe0, 0xae, 0x83, 0xff,
  0xe0, 0xae, 0x83, 0xff, 0xe0, 0xae, 0x83, 0xff, 0xe0, 0xae, 0x83, 0xff, 0xe0, 0xae, 0x83, 0xff,
  0xe0, 0xae, 0x83, 0xff, 0xe0, 0xae, 0x83, 0xff, 0xe0, 0xae, 0x83, 0xff, 0xe0, 0xae, 0x83, 0xff,
  0xe0, 0xae, 0x83, 0xff, 0xe0, 0xae, 0x83, 0xff, 0xe0, 0xae, 0x83, 0xff, 0xe0, 0xae, 0x83, 0xff,
  0x00, 0x00, 0x00, 0x00, 0x00, 0x00, 0x00, 0x00, 0x00, 0x00, 0x00, 0x00, 0x00, 0x00, 0x00, 0x00,
  0x00, 0x00, 0x00, 0x00, 0x00, 0x00, 0x00, 0x00, 0x00, 0x00, 0x00, 0x00, 0x00, 0x00, 0x00, 0x00,
  0x00, 0x00, 0x00, 0x00, 0x00, 0x00, 0x00, 0x00, 0x00, 0x00, 0x00, 0x00, 0x00, 0x00, 0x00, 0x00,
  0x00, 0x00, 0x00, 0x00, 0x00, 0x00, 0x00, 0x00, 0x00, 0x00, 0x00, 0x00, 0x00, 0x00, 0x00, 0x00,
  0x00, 0x00, 0x00, 0x00, 0x00, 0x00, 0x00, 0x00, 0x00, 0x00, 0x00, 0x00, 0x00, 0x00, 0x00, 0x00,
  0x00, 0x00, 0x00, 0x00, 0x00, 0x00, 0x00, 0x00, 0x00, 0x00, 0x00, 0x00, 0x00, 0x00, 0x00, 0x00,
  0x00, 0x00, 0x00, 0x00, 0x00, 0x00, 0x00, 0x00, 0x00, 0x00, 0x00, 0x00, 0x00, 0x00, 0x00, 0x00,
  0x00, 0x00, 0x00, 0x00, 0x00, 0x00, 0x00, 0x00, 0x00, 0x00, 0x00, 0x00, 0x00, 0x00, 0x00, 0x00,
  0x46, 0x46, 0x94, 0xff, 0x46, 0x46, 0x94, 0xff, 0x46, 0x46, 0x94, 0xff, 0x46, 0x46, 0x94, 0xff,
  0x46, 0x46, 0x94, 0xff, 0x46, 0x46, 0x94, 0xff, 0x46, 0x46, 0x94, 0xff, 0x46, 0x46, 0x94, 0xff,
  0x46, 0x46, 0x94, 0xff, 0x46, 0x46, 0x94, 0xff, 0x46, 0x46, 0x94, 0xff, 0x46, 0x46, 0x94, 0xff,
  0x46, 0x46, 0x94, 0xff, 0x46, 0x46, 0x94, 0xff, 0x46, 0x46, 0x94, 0xff, 0x46, 0x46, 0x94, 0xff,
  0xe0, 0xae, 0x83, 0xff, 0xe0, 0xae, 0x83, 0xff, 0xe0, 0xae, 0x83, 0xff, 0xe0, 0xae, 0x83, 0xff,
  0xe0, 0xae, 0x83, 0xff, 0xe0, 0xae, 0x83, 0xff, 0xe0, 0xae, 0x83, 0xff, 0xe0, 0xae, 0x83, 0xff,
  0xe0, 0xae, 0x83, 0xff, 0xe0, 0xae, 0x83, 0xff, 0xe0, 0xae, 0x83, 0xff, 0xe0, 0xae, 0x83, 0xff,
  0xe0, 0xae, 0x83, 0xff, 0xe0, 0xae, 0x83, 0xff, 0xe0, 0xae, 0x83, 0xff, 0xe0, 0xae, 0x83, 0xff,
  0x00, 0x00, 0x00, 0x00, 0x00, 0x00, 0x00, 0x00, 0x00, 0x00, 0x00, 0x00, 0x00, 0x00, 0x00, 0x00,
  0x00, 0x00, 0x00, 0x00, 0x00, 0x00, 0x00, 0x00, 0x00, 0x00, 0x00, 0x00, 0x00, 0x00, 0x00, 0x00,
  0x00, 0x00, 0x00, 0x00, 0x00, 0x00, 0x00, 0x00, 0x00, 0x00, 0x00, 0x00, 0x00, 0x00, 0x00, 0x00,
  0x00, 0x00, 0x00, 0x00, 0x00, 0x00, 0x00, 0x00, 0x00, 0x00, 0x00, 0x00, 0x00, 0x00, 0x00, 0x00,
  0x00, 0x00, 0x00, 0x00, 0x00, 0x00, 0x00, 0x00, 0x00, 0x00, 0x00, 0x00, 0x00, 0x00, 0x00, 0x00,
  0x00, 0x00, 0x00, 0x00, 0x00, 0x00, 0x00, 0x00, 0x00, 0x00, 0x00, 0x00, 0x00, 0x00, 0x00, 0x00,
  0x00, 0x00, 0x00, 0x00, 0x00, 0x00, 0x00, 0x00, 0x00, 0x00, 0x00, 0x00, 0x00, 0x00, 0x00, 0x00,
  0x00, 0x00, 0x00, 0x00, 0x00, 0x00, 0x00, 0x00, 0x00, 0x00, 0x00, 0x00, 0x00, 0x00, 0x00, 0x00,
  0x30, 0x30, 0x34, 0xff, 0x30, 0x30, 0x34, 0xff, 0x30, 0x30, 0x34, 0xff, 0x30, 0x30, 0x34, 0xff,
  0x30, 0x30, 0x34, 0xff, 0x30, 0x30, 0x34, 0xff, 0x30, 0x30, 0x34, 0xff, 0x30, 0x30, 0x34, 0xff,
  0x30, 0x30, 0x34, 0xff, 0x30, 0x30, 0x34, 0xff, 0x30, 0x30, 0x34, 0xff, 0x30, 0x30, 0x34, 0xff,
  0x30, 0x30, 0x34, 0xff, 0x30, 0x30, 0x34, 0xff, 0x30, 0x30, 0x34, 0xff, 0x30, 0x30, 0x34, 0xff,
  0xe0, 0xae, 0x83, 0xff, 0xe0, 0xae, 0x83, 0xff, 0xe0, 0xae, 0x83, 0xff, 0xe0, 0xae, 0x83, 0xff,
  0xe0, 0xae, 0x83, 0xff, 0xe0, 0xae, 0x83, 0xff, 0xe0, 0xae, 0x83, 0xff, 0xe0, 0xae, 0x83, 0xff,
  0xe0, 0xae, 0x83, 0xff, 0xe0, 0xae, 0x83, 0xff, 0xe0, 0xae, 0x83, 0xff, 0xe0, 0xae, 0x83, 0xff,
  0xe0, 0xae, 0x83, 0xff, 0xe0, 0xae, 0x83, 0xff, 0xe0, 0xae, 0x83, 0xff, 0xe0, 0xae, 0x83, 0xff,
  0x00, 0x00, 0x00, 0x00, 0x00, 0x00, 0x00, 0x00, 0x00, 0x00, 0x00, 0x00, 0x00, 0x00, 0x00, 0x00,
  0x00, 0x00, 0x00, 0x00, 0x00, 0x00, 0x00, 0x00, 0x00, 0x00, 0x00, 0x00, 0x00, 0x00, 0x00, 0x00,
  0x00, 0x00, 0x00, 0x00, 0x00, 0x00, 0x00, 0x00, 0x00, 0x00, 0x00, 0x00, 0x00, 0x00, 0x00, 0x00,
  0x00, 0x00, 0x00, 0x00, 0x00, 0x00, 0x00, 0x00, 0x00, 0x00, 0x00, 0x00, 0x00, 0x00, 0x00, 0x00,
  0x00, 0x00, 0x00, 0x00, 0x00, 0x00, 0x00, 0x00, 0x00, 0x00, 0x00, 0x00, 0x00, 0x00, 0x00, 0x00,
  0x00, 0x00, 0x00, 0x00, 0x00, 0x00, 0x00, 0x00, 0x00, 0x00, 0x00, 0x00, 0x00, 0x00, 0x00, 0x00,
  0x00, 0x00, 0x00, 0x00, 0x00, 0x00, 0x00, 0x00, 0x00, 0x00, 0x00, 0x00, 0x00, 0x00, 0x00, 0x00,
  0x00, 0x00, 0x00, 0x00, 0x00, 0x00, 0x00, 0x00, 0x00, 0x00, 0x00, 0x00, 0x00, 0x00, 0x00, 0x00,
  0x30, 0x30, 0x34, 0xff, 0x30, 0x30, 0x34, 0xff, 0x30, 0x30, 0x34, 0xff, 0x30, 0x30, 0x34, 0xff,
  0x30, 0x30, 0x34, 0xff, 0x30, 0x30, 0x34, 0xff, 0x30, 0x30, 0x34, 0xff, 0x30, 0x30, 0x34, 0xff,
  0x30, 0x30, 0x34, 0xff, 0x30, 0x30, 0x34, 0xff, 0x30, 0x30, 0x34, 0xff, 0x30, 0x30, 0x34, 0xff,
  0x30, 0x30, 0x34, 0xff, 0x30, 0x30, 0x34, 0xff, 0x30, 0x30, 0x34, 0xff, 0x30, 0x30, 0x34, 0xff,
  0xe0, 0xae, 0x83, 0xff, 0xe0, 0xae, 0x83, 0xff, 0xe0, 0xae, 0x83, 0xff, 0xe0, 0xae, 0x83, 0xff,
  0xe0, 0xae, 0x83, 0xff, 0xe0, 0xae, 0x83, 0xff, 0xe0, 0xae, 0x83, 0xff, 0xe0, 0xae, 0x83, 0xff,
  0xe0, 0xae, 0x83, 0xff, 0xe0, 0xae, 0x83, 0xff, 0xe0, 0xae, 0x83, 0xff, 0xe0, 0xae, 0x83, 0xff,
  0xe0, 0xae, 0x83, 0xff, 0xe0, 0xae, 0x83, 0xff, 0xe0, 0xae, 0x83, 0xff, 0xe0, 0xae, 0x83, 0xff,
  0x00, 0x00, 0x00, 0x00, 0x00, 0x00, 0x00, 0x00, 0x00, 0x00, 0x00, 0x00, 0x00, 0x00, 0x00, 0x00,
  0x00, 0x00, 0x00, 0x00, 0x00, 0x00, 0x00, 0x00, 0x00, 0x00, 0x00, 0x00, 0x00, 0x00, 0x00, 0x00,
  0x00, 0x00, 0x00, 0x00, 0x00, 0x00, 0x00, 0x00, 0x00, 0x00, 0x00, 0x00, 0x00, 0x00, 0x00, 0x00,
  0x00, 0x00, 0x00, 0x00, 0x00, 0x00, 0x00, 0x00, 0x00, 0x00, 0x00, 0x00, 0x00, 0x00, 0x00, 0x00,
  0x00, 0x00, 0x00, 0x00, 0x00, 0x00, 0x00, 0x00, 0x00, 0x00, 0x00, 0x00, 0x00, 0x00, 0x00, 0x00,
  0x00, 0x00, 0x00, 0x00, 0x00, 0x00, 0x00, 0x00, 0x00, 0x00, 0x00, 0x00, 0x00, 0x00, 0x00, 0x00,
  0x00, 0x00, 0x00, 0x00, 0x00, 0x00, 0x00, 0x00, 0x00, 0x00, 0x00, 0x00, 0x00, 0x00, 0x00, 0x00,
  0x00, 0x00, 0x00, 0x00, 0x00, 0x00, 0x00, 0x00, 0x00, 0x00, 0x00, 0x00, 0x00, 0x00, 0x00, 0x00,
  0x30, 0x30, 0x34, 0xff, 0x30, 0x30, 0x34, 0xff, 0x30, 0x30, 0x34, 0xff, 0x30, 0x30, 0x34, 0xff,
  0x30, 0x30, 0x34, 0xff, 0x30, 0x30, 0x34, 0xff, 0x30, 0x30, 0x34, 0xff, 0x30, 0x30, 0x34, 0xff,
  0x30, 0x30, 0x34, 0xff, 0x30, 0x30, 0x34, 0xff, 0x30, 0x30, 0x34, 0xff, 0x30, 0x30, 0x34, 0xff,
  0x30, 0x30, 0x34, 0xff, 0x30, 0x30, 0x34, 0xff, 0x30, 0x30, 0x34, 0xff, 0x30, 0x30, 0x34, 0xff,
  0xe0, 0xae, 0x83, 0xff, 0xe0, 0xae, 0x83, 0xff, 0xe0, 0xae, 0x83, 0xff, 0xe0, 0xae, 0x83, 0xff,
  0xe0, 0xae, 0x83, 0xff, 0xe0, 0xae, 0x83, 0xff, 0xe0, 0xae, 0x83, 0xff, 0xe0, 0xae, 0x83, 0xff,
  0xe0, 0xae, 0x83, 0xff, 0xe0, 0xae, 0x83, 0xff, 0xe0, 0xae, 0x83, 0xff, 0xe0, 0xae, 0x83, 0xff,
  0xe0, 0xae, 0x83, 0xff, 0xe0, 0xae, 0x83, 0xff, 0xe0, 0xae, 0x83, 0xff, 0xe0, 0xae, 0x83, 0xff,
  0x00, 0x00, 0x00, 0x00, 0x00, 0x00, 0x00, 0x00, 0x00, 0x00, 0x00, 0x00, 0x00, 0x00, 0x00, 0x00,
  0x00, 0x00, 0x00, 0x00, 0x00, 0x00, 0x00, 0x00, 0x00, 0x00, 0x00, 0x00, 0x00, 0x00, 0x00, 0x00,
  0x00, 0x00, 0x00, 0x00, 0x00, 0x00, 0x00, 0x00, 0x00, 0x00, 0x00, 0x00, 0x00, 0x00, 0x00, 0x00,
  0x00, 0x00, 0x00, 0x00, 0x00, 0x00, 0x00, 0x00, 0x00, 0x00, 0x00, 0x00, 0x00, 0x00, 0x00, 0x00,
  0x00, 0x00, 0x00, 0x00, 0x00, 0x00, 0x00, 0x00, 0x00, 0x00, 0x00, 0x00, 0x00, 0x00, 0x00, 0x00,
  0x00, 0x00, 0x00, 0x00, 0x00, 0x00, 0x00, 0x00, 0x00, 0x00, 0x00, 0x00, 0x00, 0x00, 0x00, 0x00,
  0x00, 0x00, 0x00, 0x00, 0x00, 0x00, 0x00, 0x00, 0x00, 0x00, 0x00, 0x00, 0x00, 0x00, 0x00, 0x00,
  0x00, 0x00, 0x00, 0x00, 0x00, 0x00, 0x00, 0x00, 0x00, 0x00, 0x00, 0x00, 0x00, 0x00, 0x00, 0x00,
  0x30, 0x30, 0x34, 0xff, 0x30, 0x30, 0x34, 0xff, 0x30, 0x30, 0x34, 0xff, 0x30, 0x30, 0x34, 0xff,
  0x30, 0x30, 0x34, 0xff, 0x30, 0x30, 0x34, 0xff, 0x30, 0x30, 0x34, 0xff, 0x30, 0x30, 0x34, 0xff,
  0x30, 0x30, 0x34, 0xff, 0x30, 0x30, 0x34, 0xff, 0x30, 0x30, 0x34, 0xff, 0x30, 0x30, 0x34, 0xff,
  0x30, 0x30, 0x34, 0xff, 0x30, 0x30, 0x34, 0xff, 0x30, 0x30, 0x34, 0xff, 0x30, 0x30, 0x34, 0xff,
  0xe0, 0xae, 0x83, 0xff, 0xe0, 0xae, 0x83, 0xff, 0xe0, 0xae, 0x83, 0xff, 0xe0, 0xae, 0x83, 0xff,
  0xe0, 0xae, 0x83, 0xff, 0xe0, 0xae, 0x83, 0xff, 0xe0, 0xae, 0x83, 0xff, 0xe0, 0xae, 0x83, 0xff,
  0xe0, 0xae, 0x83, 0xff, 0xe0, 0xae, 0x83, 0xff, 0xe0, 0xae, 0x83, 0xff, 0xe0, 0xae, 0x83, 0xff,
  0xe0, 0xae, 0x83, 0xff, 0xe0, 0xae, 0x83, 0xff, 0xe0, 0xae, 0x83, 0xff, 0xe0, 0xae, 0x83, 0xff,
  0x00, 0x00, 0x00, 0x00, 0x00, 0x00, 0x00, 0x00, 0x00, 0x00, 0x00, 0x00, 0x00, 0x00, 0x00, 0x00,
  0x00, 0x00, 0x00, 0x00, 0x00, 0x00, 0x00, 0x00, 0x00, 0x00, 0x00, 0x00, 0x00, 0x00, 0x00, 0x00,
  0x00, 0x00, 0x00, 0x00, 0x00, 0x00, 0x00, 0x00, 0x00, 0x00, 0x00, 0x00, 0x00, 0x00, 0x00, 0x00,
  0x00, 0x00, 0x00, 0x00, 0x00, 0x00, 0x00, 0x00, 0x00, 0x00, 0x00, 0x00, 0x00, 0x00, 0x00, 0x00,
};

} // namespace wings_default
